Column1,地块编号,宗地位置,地块面积（平方米）,用途,成交价格（万元）,受让单位
289,郑政经开出[2017]075号（网）,经南十一路南、经开第十七大街东,43056.16,城镇住宅、兼容批发零售、住宿餐饮,116400.0,金地集团武汉房地产开发有限公司
12,郑政经开出[2019]025号（网）,经开区经北三路以南、传媒路以西,30518.35,城镇住宅（地下交通服务场站用地）,89703.0,郑州保利亨利房地产开发有限公司
11,郑政经开出[2019]024号（网）,岔河西路以东、经北五路以南,43977.33,城镇住宅（地下交通服务场站用地）,128972.0,郑州保利亨利房地产开发有限公司
13,郑政经开出[2019]026号（网）,经北五路以北、传媒路以西,56105.82,城镇住宅（地下交通服务场站用地）,164667.0,北京润置商业运营管理有限公司
141,郑政东出[2018]27号（网）,北三环南、九如路东,43232.88,城镇住宅,168000.0,河南龙宇房地产开发有限公司
139,郑政东出[2018]25号（网）,九如东路东、如意河东二街南,64692.24,城镇住宅,252000.0,河南龙宇房地产开发有限公司
66,郑政东出[2019]5号（网）,龙湖中环南路北、九如东路东,27467.40,商务金融、零售商业、批发市场、餐饮、旅馆、其他商服用地,34100.0,北京德得创业科技有限公司
19,郑政东出〔2019〕14号（网）,龙湖内环南路南、众意西路东,55225.35,地上：城镇住宅用地地下：交通服务场站用地,221000.0,北京丰茂置业有限公司
94,郑政高出〔2019〕7号（网）,石楠路西、冬青街北,70151.91,城镇住宅（地下交通服务场站用地）,130460.0,北京龙湖置业有限公司
277,郑政东出〔2018〕08号,动力南路南、圃田西路东,22155.97,商服用地,26600.0,北京润置商业运营管理有限公司河南省郑州新区建设投资有限公司
278,郑政东出〔2018〕09号,动力南路南、嘉园路东,25254.80,商服用地,32200.0,北京润置商业运营管理有限公司河南省郑州新区建设投资有限公司
279,郑政东出〔2018〕10号,道东街北、圃田西路东,6372.58,商服用地,8700.0,北京润置商业运营管理有限公司河南省郑州新区建设投资有限公司
280,郑政东出〔2018〕11号,道东街北、嘉园路西,7239.82,商服用地,9900.0,北京润置商业运营管理有限公司河南省郑州新区建设投资有限公司
281,郑政东出〔2018〕12号,道东街北、嘉园路东,7239.84,商服用地,9900.0,北京润置商业运营管理有限公司河南省郑州新区建设投资有限公司
282,郑政东出〔2018〕13号,商鼎路北、嘉园路西,16026.76,商服用地,26000.0,北京润置商业运营管理有限公司河南省郑州新区建设投资有限公司
283,郑政东出〔2018〕14号,商鼎路北、嘉园路东,18992.83,商服用地,30900.0,北京润置商业运营管理有限公司河南省郑州新区建设投资有限公司
284,郑政东出〔2018〕15号,商鼎路北、嘉园东三街东,8925.60,商服用地,14000.0,北京润置商业运营管理有限公司河南省郑州新区建设投资有限公司
209,郑政出〔2018〕124号（网）,东风路北、信息学院路西,4631.21,商务金融兼容零售商业、餐饮、旅馆,6790.0,河南安特瑞置业有限公司
155,郑政出[2018]178号（网）,凤凰路北、规划一路西,5900.12,城镇住宅（地下交通服务场站）,10352.0,河南博鼎实业有限公司
156,郑政出[2018]179号（网）,石化路南、未来路西,28492.52,城镇住宅（地下交通服务场站）,42091.0,河南博鼎实业有限公司
157,郑政出[2018]180号（网）,二里岗南街北、未来路西,4649.46,零售商业（加油加气站）,17137.0,河南博鼎实业有限公司
166,郑政出〔2018〕152号（网）,凤凰路南、未来路西,12109.45,城镇住宅（地下交通服务场站用地）,18789.0,河南博鼎实业有限公司
167,郑政出〔2018〕153号（网）,凤凰路南、规划三路东,23726.24,城镇住宅（地下交通服务场站用地）,37103.0,河南博鼎实业有限公司
168,郑政出〔2018〕154号（网）,未来路西、凤凰路北,10316,零售商业、餐饮、旅馆兼容城镇住宅（地下空间用途为交通服务场站）,17774.0,河南博鼎实业有限公司
201,郑政出[2018]129号（网）,凤凰路南、规划三路西,4094.89,城镇住宅,4929.0,河南博鼎实业有限公司
202,郑政出[2018]130号（网）,凤凰路南、规划一路西,3078.72,商务金融,3938.0,河南博鼎实业有限公司
247,郑政出〔2018〕92号（网）,二里岗南街南、未来路西,23563.05,城镇住宅,29761.0,河南博鼎实业有限公司
31,郑政出〔2019〕78号（网）,经一路东、明鸿路南,15094.79,城镇住宅（地下交通服务场站用地）,29924.0,河南常绿卓屹置业有限公司
79,郑政高出〔2019〕16号（网）,翠竹街南、垂柳路东,81632.31,城镇住宅兼容零售商业、批发市场、餐饮、旅馆用地（地下交通服务场站用地）,110908.0,河南晟和祥实业有限公司
212,郑政出〔2018〕111号（网）,丰产路北、政七街西,52192.13,商务金融兼容零售商业、餐饮、旅馆城镇住宅,112165.0,河南大树置业有限公司
276,郑政出[2018]63号（网）,丰产路南、政六街西,6369.26,城镇住宅,11963.0,河南大树置业有限公司
307,郑政出[2018]56号（网）,丰产路南、政六街西,5619.87,城镇住宅,10982.0,河南大树置业有限公司
26,郑政出〔2019〕83号（网）,科技路南、杜庄街西,25359.29,城镇住宅（地下交通服务场站用地）,27998.0,河南福瑞源置业有限公司
27,郑政出〔2019〕84号（网）,科技路南、天山路西,34601.47,城镇住宅（地下交通服务场站用地）,39792.0,河南福瑞源置业有限公司
176,郑政东出〔2018〕26号（网）,如意河东七街南、龙翔三街西,地上163833.94㎡、地下145220.66㎡,城镇住宅用地、教育用地,343329.0,河南广思实业有限公司
266,郑政出[2018]71号（网）,南阳路东、博颂路北,11829.03,商务金融、零售金融、餐饮、城镇住宅,16560.0,河南国宇房地产开发有限公司
152,郑政出〔2018〕183号（网）,三全路南、园田北路东,64596.08,城镇住宅兼容零售商业、餐饮、旅馆、商务金融用地（地下为交通服务场站、零售商业、餐饮、旅馆用地）,100775.0,河南瀚宇天悦城置业有限公司
294,郑政东出[2018]4号（网）,七里河南路南、圃田西路东,6998.18,商服,11000.0,河南合泰洒店管理有限公司
136,郑政出〔2018〕176号（网）,农场路东、鸿业路北,88756.93,城镇住宅（地下交通服务场站用地）,75072.0,"河南鸿宝集团有限公司,河南鸿宝置地有限公司,"
233,郑政出[2018]100号（网）,绿源路南、天佑街东,46421.43,城镇住宅,30815.0,河南惠昌城乡建设发展有限公司
275,郑政出〔2018〕64号（网）,绿源路南、丰茂街东,76813.62,城镇住宅,49783.0,河南惠昌城乡建设发展有限公司
17,郑政出〔2019〕86号（网）,京水西路东、祥云大道北,58976.84,城镇住宅兼容零售商业、餐饮、旅馆,64448.0,河南惠花城乡建设发展有限公司
18,郑政出〔2019〕87号（网）,京水路东、滨河路北,120278.23,城镇住宅、地下空间用途交通服务场站,131323.0,河南惠花城乡建设发展有限公司
216,郑政出[2018]113号（网）,金城大道南、经三街西,14892.94,商务金融,11400.0,河南吉昆置业有限公司
240,郑政东出[2018]18号（网）,龙腾二街东、如意河西二街南,68818.90,城镇住宅,248000.0,河南嘉瑞昌置业股份有限公司
147,郑政出〔2018〕185号（网）,杨柳街东、金达路南,8820.35,零售商业、餐饮、旅馆兼容娱乐用地（地下交通服务场站用地）,9891.0,河南建业恒新置业有限公司
196,郑政出[2018]135号（网）,英才街北、田园路西,40419.16,城镇住宅,39029.0,河南建业恒新置业有限公司
85,郑政出[2019]51号（网）,鸿宝南路北、鸿中路东,12431.35,商务金融兼容零售商业、餐饮、旅馆（地下交通服务场站）,14178.0,河南金汇建设投资股份有限公司
161,郑政出[2018]168号（网）,经开第十六大街东、经南十三路北,80811.15,城镇住宅（地下交通服务场站、人防设施）,142298.0,河南锦江置业有限公司
97,郑政出〔2019〕44号（网）,滨河路北、清华园路西,32926.67,城镇住宅（地下交通服务场站）,32438.0,河南锦轩置业有限公司
98,郑政出〔2019〕45号（网）,石苏路北、中央东路西,31299.57,城镇住宅兼容零售商业、餐饮、旅馆（地下交通服务场站）,33223.0,河南锦轩置业有限公司
129,郑政出[2019]15号（网）,郑港辅路西、鸿宝路北,48749.36,城镇住宅（地下交通服务场站）,41863.0,河南居悦置业有限公司
295,郑政经开出〔2018〕014号,经南十六路以南、京珠东环路以东,34091.69,工业用地,2120.0,河南俱成汽车零部件有限公司
33,郑政高出[2019]28号（网）,落樱街南、雨蕉路东、滨河路北、秋罗路西,27071.36,城镇住宅（地下交通服务场站用地）,25856.0,河南康桥美景房地产开发有限责任公司
258,郑政出〔2018〕75号,秋罗路东、紫苏街北,27787.11,城镇住宅,19313.0,河南康桥美景房地产开发有限责任公司
259,郑政出〔2018〕76号,紫苏街南、秋罗路东,41388.57,城镇住宅,26833.0,河南康桥美景房地产开发有限责任公司
260,郑政出〔2018〕77号,落樱街北、黄椰路东,38382.24,城镇住宅,24884.0,河南康桥美景房地产开发有限责任公司
261,郑政出〔2018〕78号,落樱街北、长椿路西,11416.27,零售商业、餐饮、旅馆,8613.0,河南康桥美景房地产开发有限责任公司
264,郑政出〔2018〕81号,胡杨路东、落樱街北,83616.1,城镇住宅,54234.0,河南康桥美景房地产开发有限责任公司
107,郑政经开出〔2019〕006号（网）,南三环（规划路名物流大道）以南、凤河东街（规划路名花马东街）以东,4405.26,仓储用地（地下空间）,1426.0,河南坤鼎实业有限公司
43,郑政高出〔2019〕26号（网）,冬青街南、雪松路西,13474.84,零售商业、批发市场、餐饮、旅馆用地兼容城镇住宅用地（地下交通服务场站用地）,19187.0,河南朗泰置业有限公司
44,郑政高出〔2019〕27号（网）,冬青街北、石楠路东,26242.22,城镇住宅（地下交通服务场站用地）,34886.0,河南朗泰置业有限公司
135,郑政东出〔2018〕24号（网）,北三环路南、九如东路东,33048.30,城镇住宅,132000.0,河南龙宇房地产开发有限公司
104,郑政出〔2019〕41号（网）,豫二路南、白玉路西,40588.22,城镇住宅（地下交通服务场站用地）,42645.0,河南绿地商城置业有限公司
105,郑政出〔2019〕42号（网）,豫三路南、豫兴路西,41863.91,城镇住宅（地下交通服务场站用地）,40212.0,河南绿地商城置业有限公司
215,郑政出[2018]112号（网）,小李庄路南、明月路西,21934.86,城镇住宅,17862.0,河南绿地商城置业有限公司
217,郑政出[2018]114号（网）,豫二路北、白玉路东,33657.03,城镇住宅,27610.0,河南绿地商城置业有限公司
218,郑政出[2018]115号（网）,豫二路北、香江路东,29484.62,城镇住宅,24188.0,河南绿地商城置业有限公司
37,郑政出〔2019〕74号（网）,天元路南、固城路西,86628.99,城镇住宅（地下交通服务场站用地）,98795.0,河南民泰置业有限公司
272,郑政出[2018]68号（网）,香苑路南、金河路西,35426.97,城镇住宅,28579.0,河南民泰置业有限公司
172,郑政出[2018]158号（网）,航海西路南、伏牛路东,31731.97,城镇住宅兼容零售商业、餐饮、旅馆,42717.0,河南民祥置业有限公司
96,郑政出〔2019〕43号（网）,兴隆铺路南、粮食西路西,48001.95,城镇住宅兼容零售商业、餐饮、旅馆、商务金融（地下交通服务场站）,71408.0,河南谦晟祥和实业有限公司
42,郑政高出〔2019〕 25号（网）,宏达街南、西三环北延东,85335.80,城镇住宅用地兼容零售商业、批发市场、餐饮、旅馆、商务金融用地（地下交通服务场站用地）,105741.0,河南荣田房地产开发有限公司
254,郑政出〔2018〕87号,西三环北延东、宏达街北,67773.29,城镇住宅,57133.0,河南荣田房地产开发有限公司
255,郑政出〔2018〕88号,凤梨路西、宏达街北,56690.87,城镇住宅,47774.0,河南荣田房地产开发有限公司
78,郑政出[2019]48号（网）,泉州路西、文博大道北,55786.23,城镇住宅（地下为交通服务场站）,63661.0,河南荣威置业有限公司
115,郑政出[2019]33号（网）,玉瑞路东、金龙路北,16431.36,城镇住宅（地下交通服务场站）,17865.0,河南荣威置业有限公司
158,郑政出[2018]181号（网）,桐柏路西、黄水街南,69551.39,城镇住宅兼容零售商业、餐饮、旅馆,78549.0,河南融创晟元置业有限公司
238,郑政出〔2018〕96号（网）,桐柏路西、医院南路北,30641.09,城镇住宅、零售商业、餐饮、旅馆,32295.0,河南融创晟元置业有限公司
153,郑政出〔2018〕184号（网）,天泰路东、鼎盛大道北,15014.08,零售商业、餐饮、旅馆用地,17061.0,河南睿森置业有限公司
86,郑政出[2019]49号（网）,农业路北、东明路东,32982.25,商务金融兼容城镇住宅（地下为交通服务场站）,74812.0,河南省尚建置业有限公司
87,郑政出[2019]50号（网）,农业路北、姚砦路西,23288.8,零售商业、旅馆兼容商务金融（地下为交通服务场站）,58959.0,河南省尚建置业有限公司
113,郑政出[2019]31号（网）,鸿业路北、任庄路东,29968.44,城镇住宅（地下交通服务场站）,24504.0,河南省天伦乐居置业有限公司
270,郑政出[2018]66号（网）,鸿业路北、任庄路西,52314.14,城镇住宅,38237.0,河南省天伦乐居置业有限公司
271,郑政出[2018]67号（网）,鸿业路北、任庄路东,53127.33,城镇住宅,39251.0,河南省天伦乐居置业有限公司
159,郑政出[2018]182号（网）,创文路东、星海路南,27431.93,城镇住宅（地下交通服务场站）,24455.0,河南世茂海润置业有限公司
200,郑政出〔2018〕128号（网）,皓月路南、雪松路西,33764.82,城镇住宅,25241.0,河南世茂海润置业有限公司
146,郑政出〔2019〕3号（网）,景怡路北、贺庄新街东,65510.54,城镇住宅（地下为交通服务场站）,64871.0,河南水投土地开发有限公司
230,郑政出〔2018〕102号（网）,景怡路北、经三街西,21240.28,商务金融,16258.0,河南太极汇生科技产业园发展有限公司
72,郑政出〔2019〕47号（网）,永兴路南、慧科环路西,80207.74,城镇住宅（地下交通服务场站用地）,81749.0,河南万林置业有限公司
170,郑政出[2018]156号（网）,阳春路南、渠南路西,89470.06,城镇住宅（地下交通服务场站用地）,93180.0,河南熹林置业有限公司
117,郑政出〔2019〕29号（网）,鸿发路北、博学路东,88590.39,城镇住宅（地下交通服务场站用地）,83716.0,河南协广置业有限公司
118,郑政出〔2019〕30号（网）,鸿业路南、农场路西,75196.93,商务金融（地下交通服务场站用地）,68775.0,河南协广置业有限公司
175,郑政东出〔2018〕16号（网）,商鼎路南、圃田西路东,73927.17,地上：商服用地（商务金融、零售商业、批发市场、餐饮、旅馆）地下：商服用地（商务金融、零售商业、批发市场、餐饮、旅馆）、交通服务场站用地,98900.0,河南新发展楷林实业有限公司
237,郑政东出[2018]17号（网）,莲湖路北、博学路西,60393.26,商服用地,83000.0,河南新发展楷林实业有限公司
138,郑政东出[2019]1号（网）,康宁街（原康宁路）南、心怡路东,16955.08,地上：商服用地地下：商服用地、交通服务场站用地,29700.0,河南新发展亚新实业有限公司
108,郑政经开出[2019]003号（网）,泰达路（规划路名寿达路）以南、远通街（规划路名信通一街）以东、信通北街（规划路名信通街）以西,26681.05,仓储用地,3720.0,河南新合实业有限公司
64,郑政经开出〔2019〕018号（网）,朗星路以南、龙美街以东、美辰路以北、前程大道以西,33356.58,城镇住宅（地下交通服务场站用地）,49907.0,河南新图腾置业有限公司
160,郑政出〔2018〕175号（网）,红梅街南、川杨路西,51395.4,城镇住宅（地下交通服务场站用地）,67260.0,河南新筑置业有限公司
228,郑政出〔2018〕105号（网）,冉屯北路东、农业路北,4290.6,零售商业、餐饮、旅馆、商务金融、其他商服兼容娱乐用地,5901.0,河南鑫利置业有限公司
249,郑政出〔2018〕82号,冉屯北路东、农业路北,12478.77,城镇住宅、零售商业、餐饮、旅馆商务金融、其他商服,16904.0,河南鑫利置业有限公司
301,郑政出[2018]59号（网）,春晓路东、赣江路南,45534.82,城镇住宅,48195.0,河南鑫苑广晟置业有限公司
302,郑政出[2018]60号（网）,连云路西、赣江路北,8839.14,商服,6046.0,河南鑫苑广晟置业有限公司
305,郑政出[2018]54号（网）,长江路南、丘寨路东,19199.97,商服、城镇住宅,22653.0,河南鑫苑广晟置业有限公司
306,郑政出[2018]55号（网）,丘寨路西、赣江路北,50965.70,城镇住宅,49876.0,河南鑫苑广晟置业有限公司
235,郑政出〔2018〕98号（网）,金樽路东、绿达路北,44426.12,城镇住宅,24164.0,河南兴汉正商置业有限公司
174,郑政出[2018]160号（网）,景怡路北、新庄东路东,20106.92,城镇住宅（地下交通服务场站）,18321.0,河南兴伟置业有限公司
214,郑上出[2018]09号（网）,金华路东侧、规划丹江路南侧,60081.36,城镇住宅、商服,28840.0,河南亚星创意置业有限公司
65,郑政经开出〔2019〕019号（网）,朗星路以南、龙美街以西、美辰路以北、龙善街以东,43595.11,城镇住宅（地下交通服务场站用地）,70302.0,河南英地置业有限公司
49,郑政出〔2019〕70号（网）,站马屯路南、郑新大道西,28379.63,城镇住宅,32223.0,河南永威置业有限公司
169,郑政出〔2018〕155号（网）,郑新大道东、站马屯路南,81799.51,城镇住宅,72614.0,河南永威置业有限公司
199,郑政出〔2018〕127号（网）,马林西路西、杨金路北,45734.92,城镇住宅,39740.0,河南远威置业有限公司
32,郑政高出〔2019〕32号,化工路南、碧桃路西、站北路北,10005.09,工业用地（地下交通服务场站用地）,928.0,河南跃利电器有限公司
121,郑政东出[2019]2号（网）,薛夏南街北、薛岗街东,53189.50,商务金融（地下交通服务场站）,51700.0,河南云湖实业有限公司
116,牟政出〔2018〕231号（网）,白沙园区宇正路北、忠贤西路南、锦绣路西、大有路东,49602.95,地上：仓储地下：交通服务场站,5000.0,河南云政数据管理有限公司
0,郑政高出〔2019〕35号,红梅街南、花柏路东,55037.94,工业用地（地下交通服务场站用地）,3759.0,河南长城计算机系统有限公司
50,郑政高出〔2019〕 19号（网）,科学大道北、瑞达路西,60870.03,零售商业、批发市场、餐饮、旅馆兼容城镇住宅用地（地下零售商业、批发市场、餐饮、旅馆用地和交通服务场站用地）,82357.0,河南正弘高新实业有限公司
51,郑政高出〔2019〕 20号（网）,科学大道北、瑞达路西,23979.41,交通服务场站用地（地下空间）,1342.0,河南正弘高新实业有限公司
53,郑政高出〔2019〕 19号（网）,科学大道北、瑞达路西,60870.03,零售商业、批发市场、餐饮、旅馆兼容城镇住宅用地（地下零售商业、批发市场、餐饮、旅馆用地和交通服务场站用地）,82357.0,河南正弘高新实业有限公司
54,郑政高出〔2019〕 20号（网）,科学大道北、瑞达路西,23979.41,交通服务场站用地（地下空间）,1342.0,河南正弘高新实业有限公司
144,郑政出[2019]6号（网）,三官中路西、芦庄路北,44948.81,城镇住宅,49876.0,河南正华竹桂园置业有限公司
206,郑政出〔2018〕121号（网）,幸运路南、丰硕南街东,14646.68,零售商业、餐饮、旅馆,11432.0,河南正商华府置业有限公司
222,郑政出〔2018〕119号（网）,幸运路南、天山路西,40941.43,城镇住宅,32648.0,河南正商华府置业有限公司
236,郑政出〔2018〕99号（网）,南北大街东、新城路南,31005.38,零售商业、批发市场、餐饮、旅馆、商务金融,27096.0,河南正商华府置业有限公司
154,郑上出[2018]17号（网）,通航五路东侧、安阳路北侧,93643.23,商业兼容商务,21670.0,河南正商金铭置业有限公司
183,郑上出[2018]12号（网）,登封路西侧、白云路南侧,47846.72,城镇住宅兼容商服,13221.0,河南正商金铭置业有限公司
184,郑政出[2018]13号（网）,汝南路东侧、白云路南侧,50148.08,城镇住宅兼容商服,13856.0,河南正商金铭置业有限公司
101,郑政出〔2019〕38号（网）,明珠路东、豫五路南,28608.73,城镇住宅（地下交通服务场站用地）,28819.0,河南正商珑水置业有限公司
102,郑政出〔2019〕39号（网）,荆庄路东、豫五路南,45604.51,城镇住宅（地下交通服务场站用地）,45908.0,河南正商珑水置业有限公司
257,郑政出〔2018〕90号,豫六路北、魏河东路东,64045.44,城镇住宅,53059.0,河南正商商都置业有限公司
227,郑政东出[2018]23号（网）,龙湖内环东路南、春蕾街东,45504.68,城镇住宅,174000.0,河南正商郑东置业有限公司
205,郑政出〔2018〕120号（网）,豫一路南、合展路东,97225.98,城镇住宅,92122.0,河南郑地新城土地开发有限公司
73,郑政东出〔2019〕3号（网）,龙湖中环南路南、龙腾二街东,55185.94,地上：零售商业、批发市场、餐饮、旅馆用地地下：交通服务场站用地,68000.0,河南郑欧丝路建设发展有限公司
286,郑政东出〔2018〕6号（网）,龙湖中环南路北、如意西路西,地上：24171.45地下：24796.63,商服用地,30700.0,河南郑欧丝路建设发展有限公司
287,郑政东出〔2018〕7号（网）,如意西路东、如意河西八街南,11775.14,商务金融用地,15800.0,河南郑欧丝路建设发展有限公司
106,郑上出[2019]5号（网）,金华路东侧、许昌路南侧,36019.87,城镇住宅,15659.0,河南志强置业有限公司
177,郑政东出〔2018〕28号（网）,中道东路东、时埂街北,5843.61,商务金融用地,7100.0,河南智慧岛投资有限公司
71,郑政出〔2019〕46号（网）,新兴街南、天河路东,61912.23,城镇住宅（地下交通服务场站用地）,67236.0,河南中创置业有限公司
220,郑政出[2018]117号（网）,大河路南、天河路东,60779.86,城镇住宅,54982.0,河南中创置业有限公司
221,郑政出[2018]118号（网）,新兴街南、机关路西,32614.76,城镇住宅,27250.0,河南中创置业有限公司
35,郑政出〔2019〕72号（网）,飞达路东、兴隆路南,34429.71,城镇住宅（地下交通服务场站用地）,38111.0,河南中珂置业有限公司
36,郑政出〔2019〕73号（网）,十八里河路南、飞达路东,37822.78,城镇住宅（地下交通服务场站用地）,41913.0,河南中珂置业有限公司
125,郑政出〔2019〕22号（网）,兴隆路南、飞达路西,29662.29,城镇住宅（地下为交通服务场站）,32133.0,河南中珂置业有限公司
219,郑政出[2018]116号（网）,十八里河路南、飞达路西,32497.91,城镇住宅,28296.0,河南中珂置业有限公司
290,郑政经开出[2018]021号,经开第三大街以西、机场高速以东,4218.30,工业用地,290.0,河南中烟工业有限责任公司
291,郑政经开出[2018]022号,南三环以南、经开第三大街以东,16980.03,工业用地,1160.0,河南中烟工业有限责任公司
225,郑政出[2018]106号（网）,国泰北路北、中州大道西,44215.14,城镇住宅兼容零售商业、餐饮、旅馆,66300.0,河南中永置业有限公司
74,郑政东出〔2019〕4号（网）,动力北路北、嘉苑东路西,6957.82,地上：商服用地（零售商业、批发市场、餐饮、旅馆、商务金融）地下：商服（零售商业、批发市场、餐饮、旅馆）、交通服务场站用地,9700.0,河南中原版权保护中心有限公司
239,郑政出〔2018〕97号（网）,幸运路南、胖庄路西,49161.45,城镇住宅,40023.0,河南中之祥置业有限公司
274,郑政出〔2018〕65号（网）,开元路北、天山路东,25111.39,娱乐、其他商服兼容零售商业、批发市场、餐饮、旅馆,18538.0,河南中之祥置业有限公司
47,郑政出〔2019〕68号（网）,芳仪路南、南四环路辅道西,39059.32,城镇住宅,,流拍
48,郑政出〔2019〕69号（网）,鼎盛大道南、青铜西路东,34849.06,零售商业、餐饮、旅馆、商务金融,,流拍
148,郑政出〔2018〕164号（网）,新城北路南、京水路东,26365.16,商务金融(地下交通服务场站),,流拍
207,郑政出〔2018〕122号（网）,河村中街西、新城北路南,67230.84,城镇住宅,61019.0,流拍
208,郑政出〔2018〕123号（网）,杨槐东路东、新城北路南,26255.76,商务金融兼容零售商业、餐饮、旅馆,26907.0,流拍
241,郑政东出[2018]19号（网）,如意河东二街南、九如路西,51922.88,城镇住宅,157500.0,青岛中海盛兴房地产有限公司
30,郑上出[2019]10号（网）,金华路以东、规划漓江路南侧,41786.63,城镇住宅兼容零售商业、批发市场、餐饮、旅馆,16297.0,山西盛昌置业有限公司
67,郑政东出[2019]6号（网）,圃田北路南、圃田西路东,1461.84,交通服务场站用地（地下空间）,193.0,尚湖实业有限公司
213,郑上出[2018]07号（网）,金华路东侧、规划漓江路南侧,40954.03,城镇住宅、商服,19858.0,天地源股份有限公司
29,郑政东出〔2019〕11号（网）,龙湖中环东路东、南录庄街北,56247.63,地上：城镇住宅用地地下：交通服务场站用地,194000.0,天津绿城北方置地有限公司北京绿城投资有限公司
179,郑政出[2018]151号（网）,莲花街南、川杨路西,48549.1,城镇住宅（地下交通服务场站用地）,63333.0,西安博朗房地产开发有限公司
80,牟政出〔2018〕232号（网）,白沙园区白沙路南、同德路东、润丰路北、雁鸣路西,69994.39,地上：城镇住宅用地地下：交通服务场站用地,55000.0,新东润地产有限公司
70,郑政高出〔2019〕18号,红杉路东、雪梅街南,65687.91,工业用地（地下交通服务场站用地）,5917.0,新天科技股份有限公司
25,郑政东出〔2019〕13号（网）,龙湖外环北路南、龙津路东,72440.64,城镇住宅（地下为交通服务场站）,267000.0,烟台中海兴业地产有限公司中海兴业武汉房地产有限公司
95,郑上出[2019]6号（网）,商业街西侧、济源路南侧,41658.21,城镇住宅兼容零售商业、批发市场、餐饮、旅馆,20224.0,豫商集团郑州置业有限公司
296,郑政经开出〔2018〕015号,经南十五路以南、经开第二十二大街以西,33307.27,工业用地,2070.0,郑州安新汽车隔音毡有限公司
103,郑政出〔2019〕40号（网）,飞翔路北、富国路西,22633.5,仓储用地（地下交通服务场站用地）,1908.0,郑州百利物流有限公司
5,郑政出〔2019〕91号（网）,杓袁中一街西、杓袁北路南,81208.12,城镇住宅（地下交通服务场站用地）,105142.0,郑州保利亨业房地产开发有限公司
34,郑政出〔2019〕71号（网）,杓袁南路北、杓袁东路西,59888.35,城镇住宅（地下交通服务场站用地）,77053.0,郑州保利亨业房地产开发有限公司
63,郑政经开出〔2019〕016号（网）,兰心东路以南、碧泉街以东、浔江东路以北、蓝湖街以西,33058.54,城镇住宅（地下交通服务场站用地）,40868.0,郑州保利亨业房地产开发有限公司
173,郑政出[2018]159号（网）,杓袁中二街西、杓袁北路南,13696.3,城镇住宅（地下交通服务场站）,15119.0,郑州保利亨业房地产开发有限公司
210,郑政出〔2018〕107号（网）,杓袁北路北、杓袁东路东,41309.62,城镇住宅,37336.0,郑州保利亨业房地产开发有限公司
211,郑政出〔2018〕108号（网）,杓袁北路南、杓袁东路东,10914.37,城镇住宅,10358.0,郑州保利亨业房地产开发有限公司
246,郑政经开出[2018]035号（网）,凤栖街以东、美辰路以南、花溪街以西、兰心东路以北,241289.41,仓储用地,11920.0,郑州达奥物流有限公司
145,郑政出[2019]7号（网）,少林路南、消防路西,5410.81,城镇住宅,10982.0,郑州大有永固置业有限公司
58,郑政出〔2019〕64号（网）,昌达路北、西四环路东,52132.25,城镇住宅（地下交通服务场站用地）,63832.0,郑州德宸祥苑有限公司
38,郑政出〔2019〕75号（网）,学府路南、爱民路西,74629.59,城镇住宅（地下交通服务场站用地）,90000.0,郑州德宸祥苑置业有限公司
256,郑政出〔2018〕89号,滨河路北、江山路东,50091.16,城镇住宅,41766.0,郑州德府瑞居置业有限公司
181,郑政出〔2018〕144号（网）,洛河路北、文化宫路东,16426.66,城镇住宅,28571.0,郑州帝景置业有限公司
182,郑政出〔2018〕145号（网）,中原路南、文化宫路东,18899.23,商务金融兼容零售商业、餐饮、旅馆,44241.0,郑州帝景置业有限公司
197,郑政出〔2018〕125号（网）,石化路南、魏庄西街东,16226.41,城镇住宅,21807.0,郑州鼎发置业有限公司
198,郑政出〔2018〕126号（网）,魏庄街南、魏庄东街西,38813.1,城镇住宅,52845.0,郑州鼎发置业有限公司
234,郑政出[2018]101号（网）,石化路南、二里岗街西,14872.8,城镇住宅,21017.0,郑州鼎发置业有限公司
242,郑政出[2018]93号（网）,二里岗南街南、魏庄西街东,20648.69,城镇住宅,28258.0,郑州鼎发置业有限公司
243,郑政出[2018]94号（网）,石化路南、城东路东,20106.5,城镇住宅、零售商业、餐饮、旅馆、商务金融,28128.0,郑州鼎发置业有限公司
244,郑政出[2018]95号（网）,二里岗南街南、魏庄西街西,11503.84,城镇住宅、零售商业、餐饮、旅馆,15404.0,郑州鼎发置业有限公司
186,郑政出[2018]15号（网）,310国道以南,21529.83,商业,2830.0,郑州方顶驿文化发展有限公司
131,郑政出〔2019〕10号（网）,思源路南、景中路西,34626.81,城镇住宅（地下交通服务场站用地）,31623.0,郑州高屋置业有限公司
22,郑政高出〔2019〕33号（网）,站北路北、雄鹰东路西,13091.5,城镇住宅（地下交通服务场站用地）,17152.0,郑州高新碧桂园房地产开发有限公司
267,郑政出[2018]72号（网）,化工路南、雄鹰东路东,35078.67,城镇住宅,29909.0,郑州高新碧桂园房地产开发有限公司
268,郑政出[2018]73号（网）,站北街北、湖西路西,38038.29,城镇住宅,32459.0,郑州高新碧桂园房地产开发有限公司
269,郑政出[2018]74号（网）,绿荫路东、新庄路北,28708.29,城镇住宅,23208.0,郑州高新碧桂园房地产开发有限公司
75,郑政高出〔2019〕11号（网）,枫香街南、金柏路东,10933.13,城镇住宅,10910.0,郑州高新建设集团有限公司
76,郑政高出〔2019〕12号（网）,枫香街南、红杉路西,39024.39,城镇住宅,38993.0,郑州高新建设集团有限公司
77,郑政高出〔2019〕13号（网）,杜兰街南、红杉路西,45915.05,城镇住宅,45857.0,郑州高新建设集团有限公司
114,郑政出[2019]32号（网）,郑少高速辅道南、景西一路东,41297.17,城镇住宅（地下交通服务场站）,41458.0,郑州国控西城建设有限公司
45,郑政东出〔2019〕8号（网）,育翔路北、夏庄街西,16239.94,地上：工业用地（新型工业用地）地下：交通服务场站用地,3650.0,郑州海康威视数字技术有限公司
6,郑政出〔2019〕92号（网）,雪松路东、高铁北路南,63143.61,城镇住宅（地下交通服务场站用地）,64478.0,郑州恒泓置业有限公司
149,郑政出〔2018〕165号（网）,郑峪路南、站前大道西,59486.4,城镇住宅（地下交通服务场站用地）,64603.0,郑州恒泓置业有限公司
150,郑政出〔2018〕166号（网）,高铁北路北、创文路西,28240.79,城镇住宅（地下交通服务场站用地）,30664.0,郑州恒泓置业有限公司
132,郑政出〔2019〕11号（网）,林荫南路东、同欣路南,20369.79,城镇住宅（地下交通服务场站用地）,17167.0,郑州华侨城文化旅游开发有限公司
134,郑政出〔2019〕9号（网）,中原西路北辅道北、中州路西,20058.87,商务金融兼容零售商业、批发市场、餐饮、旅馆用地（地下交通服务场站用地）,23108.0,郑州华侨城文化旅游开发有限公司
163,郑政出[2018]161号（网）,富贵路南、中州路西,36894.48,城镇住宅（地下交通服务场站用地）,37811.0,郑州华侨城文化旅游开发有限公司
164,郑政出[2018]162号（网）,富贵路南、中州路东,33348.66,城镇住宅（地下交通服务场站用地）,34150.0,郑州华侨城文化旅游开发有限公司
165,郑政出[2018]163号（网）,中原西路北辅道北、杭州路西,22060.31,商务金融兼容零售商业、餐饮、旅馆（地下空间用途为交通服务场站）,24820.0,郑州华侨城文化旅游开发有限公司
190,郑政出[2018]137号（网）,夏璜街北、夏至路西,49045.59,城镇住宅（地下交通服务场站）,44572.0,郑州华侨都市置业有限公司
191,郑政出[2018]138号（网）,夏璜街南、夏至路东,39793.43,城镇住宅（地下交通服务场站）,33975.0,郑州华侨都市置业有限公司
192,郑政出[2018]139号（网）,思勤江路南、立夏路西,38830.57,城镇住宅（地下交通服务场站）,33129.0,郑州华侨都市置业有限公司
193,郑政出[2018]140号（网）,夏璜街北、夏至路东,22718.37,文化设施用地（地下交通服务场站）,4619.0,郑州华侨都市置业有限公司
137,郑政出〔2018〕177号（网）,丰庆北路东、新龙路南,52879.97,城镇住宅（地下交通服务场站用地）,74228.0,郑州华瑞紫颖置业有限公司
250,郑政出〔2018〕83号,支四路以南、图强路以东,32548.97,城镇住宅,27918.0,郑州华瑞紫韵置业有限公司
251,郑政出〔2018〕84号,郑上南辅道南、爱民东路东,36637.99,城镇住宅、商务金融,35859.0,郑州华瑞紫韵置业有限公司
253,郑政出〔2018〕86号,支四路以南、支十一路以西,10211.67,城镇住宅,9383.0,郑州华瑞紫韵置业有限公司
28,郑政出〔2019〕80号（网）,经南十三路以南、经南十四路以北、经开第十七大街以东,77167.61,城镇住宅（地下交通服务场站用地）,147604.0,郑州铧茂创盛置业有限公司
109,郑政经开出[2019]004号（网）,望湖路以南、凤河东街（规划路名花马东街）以东,20301.69,仓储用地,2344.0,郑州寰玥实业有限公司
303,郑政出[2018]61号（网）,环保北路北、化肥西路西,15608.55,城镇住宅、批发零售、住宿餐饮,12044.0,郑州建业高新置业有限公司
308,郑政出[2018]57号（网）,黎明路北、电厂路东,42402.74,城镇住宅,46957.0,郑州建业高新置业有限公司
309,郑政出[2018]58号（网）,五龙口南路南、化肥西路东,34996.29,城镇住宅,41643.0,郑州建业高新置业有限公司
299,郑政经开出〔2018〕018号,经南十三路以南、经开第二十二大街以西,19999.98,工业用地,1250.0,郑州劲松汽车零部件有限公司
14,郑政经开出[2019]029号（网）,经南八路以南、经开第三十五大街以西、经南九路以北、经开第三十四大街以东,69851.66,城镇住宅（地下交通服务场站用地）,70299.0,郑州经开投资发展有限公司
15,郑政经开出[2019]030号（网）,经南八路以南、经开第三十五大街以东、经南九路以北、经开第三十六大街以西,69466.74,城镇住宅（地下交通服务场站用地）,69933.0,郑州经开投资发展有限公司
52,郑政高出〔2019〕21 号（网）,金梭路东、木兰里南,14636.82,商务金融用地兼容零售商业、批发市场、餐饮、旅馆和城镇住宅用地（地下交通服务场站用地）,18862.0,郑州玖仁置业有限公司
55,郑政高出〔2019〕21 号（网）,金梭路东、木兰里南,14636.82,商务金融用地兼容零售商业、批发市场、餐饮、旅馆和城镇住宅用地（地下交通服务场站用地）,18862.0,郑州玖仁置业有限公司
178,郑政出[2018]150号（网）,莲花街南、川杨路东,51863.8,城镇住宅（地下交通服务场站用地）,72072.0,郑州隽翔房地产开发有限公司
16,郑政出〔2019〕85号（网）,豫十路北、潮河东路东,20210.05,城镇住宅、地下空间用途交通服务场站,20937.0,郑州开元盛世置业有限公司
10,郑政出[2019]97号（网）,秦岭路西、汝河路南,70406.25,城镇住宅兼容零售商业、餐饮、旅馆、商务金融（地下交通服务场站用地）,121455.0,郑州康平置业有限公司
194,郑政出〔2018〕136号（网）,合欢街北、银屏路东,12161.64,零售商业、餐饮、旅馆兼容城镇住宅,11238.0,郑州朗悦置业有限公司
229,郑上出[2018]06号（网）,汝南路西侧、龙江路南侧,39180.49,城镇住宅,17632.0,郑州梁拓房地产开发有限公司
162,郑政出[2018]169号（网）,经南十四路以南、经开第十五大街东,62272.9,城镇住宅（地下交通服务场站）,132627.0,郑州绿博文创置业有限公司
231,郑政出〔2018〕103号（网）,贺江路南、春晓路东,27675.03,城镇住宅,24393.0,郑州绿基置业有限公司
232,郑政出〔2018〕104号（网）,贺江路南、紫荆山南路东,69679.74,城镇住宅、零售商业、餐饮、旅馆,63132.0,郑州绿基置业有限公司
195,郑政出[2018]134号（网）,站马屯路南、紫荆山南路西,89541.61,城镇住宅,78815.0,郑州绿锦置业有限公司
111,郑政出〔2019〕20号（网）,博卉路北、园田北路西,33769.09,城镇住宅（地下交通服务场站用地）,53836.0,郑州美盛置业有限公司
112,郑政出〔2019〕21号（网）,国基路南、园田北路西,61008.9,城镇住宅兼容零售商业、餐饮、旅馆、商务金融（地下交通服务场站用地）,106652.0,郑州美盛置业有限公司
187,郑政出[2018]141号（网）,航海中路南、淮南街东,31844.71,城镇住宅兼容零售商业、餐饮、旅馆、商务金融（地下：交通服务场站）,52313.0,郑州名门城房地产有限公司
188,郑政出[2018]142号（网）,大学南路东、张魏寨路南,33258.73,城镇住宅（地下：交通服务场站）,49330.0,郑州名门城房地产有限公司
1,郑政出[2020]1号（网）,北岗路南、支八路西,28880.66,城镇住宅（地下交通服务场站用地）,42717.0,郑州名兴置业有限公司
2,郑政出[2020]2号（网）,西岗路南、湖西路西,16694.24,城镇住宅（地下交通服务场站用地）,25122.0,郑州名兴置业有限公司
3,郑政出[2020]3号（网）,湖西路西、北岗路南,44426.7,城镇住宅（地下交通服务场站用地）,66717.0,郑州名兴置业有限公司
285,郑政东出〔2018〕5号（网）,龙湖中环北路北、龙津路东,67694.81,商服用地,84700.0,郑州启迪东龙科技发展有限公司
56,郑政出〔2019〕65号（网）,皓月路南、庄文路西,56746.72,城镇住宅兼容商务金融（地下交通服务场站）,66284.0,郑州融亮春房地产开发有限公司
81,郑政出〔2019〕54号（网）,皓月路南、站前大道西,46010.16,城镇住宅（地下交通服务场站用地）,52133.0,郑州融亮春房地产开发有限公司
223,郑政出〔2018〕109号（网）,星海路南、站前大道东,33930.88,城镇住宅,27376.0,郑州融亮春房地产开发有限公司
224,郑政出〔2018〕110号（网）,辅道南路南、站前大道西,29730.3,城镇住宅,23306.0,郑州融亮春房地产开发有限公司
88,郑政高出〔2019〕1号（网）,梧桐街北、梅林路东,47823.65,城镇住宅（地下交通服务场站用地）,46923.0,郑州融信朗悦置业有限公司
89,郑政高出〔2019〕2号（网）,紫檀路东、杜英街南,37636.04,城镇住宅（地下交通服务场站用地）,31438.0,郑州融信朗悦置业有限公司
90,郑政高出〔2019〕3号（网）,梧桐街南、梅林路东,39316.99,城镇住宅（地下交通服务场站用地）,32772.0,郑州融信朗悦置业有限公司
91,郑政高出〔2019〕4号（网）,梧桐街北、金柏路西,11164.94,零售商业、批发市场、餐饮、旅馆（地下交通服务场站用地）,10604.0,郑州融信朗悦置业有限公司
92,郑政高出〔2019〕5号（网）,科学大道南、金柏路东,21480.41,零售商业、批发市场、餐饮、旅馆兼容商务金融,20483.0,郑州融信朗悦置业有限公司
93,郑政高出〔2019〕6号（网）,杜英街北、红杉路西,42352.55,城镇住宅,39700.0,郑州融信朗悦置业有限公司
293,郑政东出[2018]3号（网）,如意东路西、如意河东三街南,11371.15,商务金融,15400.0,郑州润信嘉置业有限公司
23,郑政出〔2019〕81号（网）,市场街南、南三环南辅道东,85317.93,城镇住宅（地下交通服务场站用地）,90260.0,郑州商都控股集团有限公司
180,郑政出[2018]146号（网）,书院街南、紫荆山路西,43968.03,零售商业、旅馆、餐饮兼容文化设施,43695.0,郑州商都商业发展有限公司
120,郑政出[2019]28号（网）,新城北路南、京水路东,26365.16,商务金融（地下交通服务场站用地）,25784.0,郑州上尤置业有限公司
288,郑政经开出〔2018〕011号,兰心东路以南、鹏程大道以西、蓝湖街以东、浔江东路以北,163896.11,工业用地,8530.0,郑州深澜动力科技有限公司
110,郑政经开出[2019]005号（网）,兰心东路以南、浔江东路（规划路名九龙大道）以北、傲雪南路以东,19839.68,仓储用地,1151.0,郑州圣婷恩特商贸有限公司
300,郑政经开出〔2018〕019号,经南十七路以南、经开第二十二大街以西,66382.04,工业用地,4120.0,郑州盛创汽车配件有限公司
60,郑政出〔2019〕61号（网）,冉屯北路南、嵩山北路西,3722.53,零售商业、餐饮、旅馆（地下交通服务场站用地）,7170.0,郑州盛德房地产开发有限公司
61,郑政出〔2019〕62号（网）,嵩山北路西、冉屯北路北,20454.4,城镇住宅兼容零售商业、餐饮、旅馆（地下交通服务场站用地）,37879.0,郑州盛德房地产开发有限公司
62,郑政出〔2019〕63号（网）,沙口路东、农业路北,33155.69,城镇住宅（地下交通服务场站用地）,62433.0,郑州盛德房地产开发有限公司
126,郑政出〔2019〕23号（网）,颍河西路南、石羊路东,38004.69,城镇住宅（地下为交通服务场站）,58474.0,郑州盛泉置业有限公司
262,郑政出〔2018〕79号,颍河西路南、石羊路西,80734.31,城镇住宅、商务金融,109346.0,郑州盛泉置业有限公司
263,郑政出〔2018〕80号,郑湾路南、西三环西,41824.13,城镇住宅、商务金融,57239.0,郑州盛泉置业有限公司
7,郑政出〔2019〕93号（网）,永康路南、双铁路西,66617.52,城镇住宅,76486.0,郑州市二七城乡更新建设开发有限公司
203,郑政出[2018]131号（网）,宝溪路西南、永康路东南,13415.72,城镇住宅,11724.0,郑州市二七城乡更新建设开发有限公司
204,郑政出[2018]132号（网）,盛达路西南、永康路东南,41887.64,城镇住宅,38495.0,郑州市二七城乡更新建设开发有限公司
130,郑政出[2019]16号（网）,芦庄路南、南岗路西,48210.4,城镇住宅,50967.0,郑州市二七新区建设投资开发有限公司
151,郑政出〔2018〕167号（网）,南宏路南、杏园路东,38229,城镇住宅,36280.0,郑州市二七新区建设投资开发有限公司
68,郑政东出[2019]7号（网）,东站北街南、心怡路东,37800.89,地下空间用途为商服（零售商业、批发市场、餐饮、旅馆）用地、交通服务场站用地,10500.0,郑州市轨道交通置业有限公司
273,郑政出[2018]69号（网）,国基路北、黄家庵北路东,5271.6,商务金融兼容零售商业、餐饮、旅馆,7617.0,郑州市金水碧海房地产开发有限公司
127,郑政出〔2019〕17号（网）,翰林路南、长安路东,5033.66,城镇住宅,6133.0,郑州市金水建设综合开发有限公司
128,郑政出〔2019〕18号（网）,魏河南路南、桑叶路西,22801.21,城镇住宅,27795.0,郑州市金水建设综合开发有限公司
297,郑政经开出〔2018〕016号,经南十六路以北、经开第二十一大街以东,19570.56,工业用地,1220.0,郑州市科达斯特恩汽车零部件有限公司
292,郑政经开出〔2018〕002号（网）,锦瑞路（规划路名锦绣大道）以南、龙善街以东、嬉雨西路（规划路名嬉雨路）以北,14334.58,零售商业用地、批发市场用地、餐饮用地、旅馆用地,9560.0,郑州市绿勤置业有限公司
142,郑政出[2019]4号（网）,代庄南街北、行云路东,35576.11,城镇住宅兼容零售商业、餐饮、旅馆、商务金融（地下交通服务场站）,57125.0,郑州市名川房地产开发有限公司
143,郑政出[2019]5号（网）,张魏寨路南、建云街东,26684.72,城镇住宅（地下交通服务场站）,38268.0,郑州市名川房地产开发有限公司
189,郑政出[2018]143号（网）,岗南路南、岗东路西,48358.11,城镇住宅,44746.0,郑州市商城房产置业有限公司
226,郑政东出[2018]22号（网）,如意河西二街北、如意西路西,51250.54,城镇住宅,151500.0,郑州市永威置业有限公司
4,牟政出〔2019〕231号（网）,贺庄路东、魏庄路南、铁牛路西、瑞佳路北,地上：137591.75地下空间：131060.86,地上：旅馆、其他商服、医疗卫生用地混合；地下空间：交通服务场站用地,74500.0,郑州泰康之家豫园置业有限公司
24,郑政出〔2019〕82号（网）,明晖路南、龙腾路西,57680.25,城镇住宅（地下交通服务场站用地）,60284.0,郑州天地康颂置业有限公司
99,郑政出〔2019〕36号（网）,林荫北路南、思源路西,42538.29,城镇住宅（地下交通服务场站用地）,44523.0,郑州天地新城实业有限公司
100,郑政出〔2019〕37号（网）,林荫北路北、思源路西,55787.54,城镇住宅（地下交通服务场站用地）,57407.0,郑州天地新城实业有限公司
265,郑政出〔2018〕70号（网）,滨河路北、天山南路东,56972.98,城镇住宅,47168.0,郑州天河置业有限公司
40,郑政高出〔2019〕24号,枫香街南、红杉路东,112137.27,工业（新型产业用地）兼容零售商业、餐饮、旅馆、地下交通服务场站、工业用地,39199.0,郑州天健湖大数据产业园发展有限公司
171,郑政出[2018]157号（网）,百泉路北、杭州路东,35444.61,城镇住宅（地下交通服务场站用地）,37872.0,郑州西流湖控股有限公司
41,郑政出〔2019〕12号（网）,水磨路北、萍湖路西,38584.36,城镇住宅（地下交通服务场站用地）,33124.0,郑州祥宁置业有限公司
140,郑政出〔2019〕12号（网）,水磨路北、萍湖路西,38584.36,城镇住宅（地下交通服务场站用地）,33124.0,郑州祥宁置业有限公司
57,郑政出〔2019〕66号（网）,红旗路北、经一路西,42954.39,城镇住宅（地下交通服务场站）,95518.0,郑州新大观置业有限公司
59,郑政出〔2019〕60号（网）,红旗路北、经二路西,30597.13,城镇住宅（地下交通服务场站用地）,68073.0,郑州新大观置业有限公司
304,郑政出[2018]53号（网）,紫荆山南路东、赣江路南,20909.08,城镇住宅,22131.0,郑州鑫南置业有限公司
245,郑政经开出[2018]034号（网）,凤栖街以东、傲雪路以南、花溪街以西、美辰路以北,236556.91,仓储用地,11690.0,郑州星曜迪物流有限公司
20,郑政出[2019]88号（网）,小李庄路南、祥和路西,35592.90,城镇住宅（地下交通服务场站）,39197.0,郑州兴和置业有限公司
21,郑政出[2019]89号（网）,金岱路南、建武路西,28191.56,城镇住宅（地下交通服务场站）,30976.0,郑州兴和置业有限公司
82,郑政出〔2019〕55号（网）,富国路西、豫五路北,49032.75,城镇住宅（地下交通服务场站用地）,54043.0,郑州兴和置业有限公司
83,郑政出〔2019〕56号（网）,天福路南、建文路西,31074.48,城镇住宅（地下交通服务场站用地）,33641.0,郑州兴和置业有限公司
84,郑政出〔2019〕57号（网）,天福路南、建武路西,29504.95,城镇住宅（地下交通服务场站用地）,31891.0,郑州兴和置业有限公司
119,郑政出[2019]27号（网）,小李庄路南、建文路西,26699.18,城镇住宅（地下交通服务场站用地）,28099.0,郑州兴和置业有限公司
248,郑政出〔2018〕91号（网）,豫五路北、富国路东,48705.73,城镇住宅,36715.0,郑州兴和置业有限公司
298,郑政经开出〔2018〕017号,经南十三路以南、经开第二十一大街以东,26670.20,工业用地,1660.0,郑州亚通汽车零部件有限公司
185,郑政出[2018]14号（网）,310国道以南,17792.45,城镇住宅,1894.0,郑州宜方置业有限公司
46,郑政出〔2019〕67号（网）,金宝路南、经五街西,44111.96,城镇住宅（地下交通服务场站用地）,46163.0,郑州益通汇泓房地产有限公司
69,郑政高出〔2019〕17号,雪梅街北、花柏路东,20000.18,工业用地（地下交通服务场站用地）,1691.0,郑州郑大信息技术有限公司
9,郑政出[2019]95号（网）,学院路东、安宁路南,45572.23,城镇住宅,46582.0,郑州中鼎置业有限公司
8,郑政出〔2019〕94号（网）,振兴路东、芦庄路南,39269.1,城镇住宅（地下交通服务场站用地）,42899.0,郑州中贯新城置业有限公司
39,郑政出〔2019〕76号（网）,刘东路西、九冶路北,24245.97,城镇住宅（地下交通服务场站用地）,26579.0,郑州中贯新城置业有限公司
122,郑政出[2019]24号（网）,刘东路东、九冶路北,30864.92,城镇住宅（地下交通服务场站）,32061.0,郑州中贯新城置业有限公司
123,郑政出[2019]25号（网）,京广南路东、左江路北,50174.36,城镇住宅（地下交通服务场站）,52003.0,郑州中贯新城置业有限公司
124,郑政出[2019]26号（网）,振兴东路东、百姓路南,44615.31,城镇住宅（地下交通服务场站）,46740.0,郑州中贯新城置业有限公司
133,郑政出〔2019〕8号（网）,田园路东、九冶路南,67185.27,城镇住宅（地下交通服务场站用地）,56869.0,郑州中贯新城置业有限公司
252,郑政出〔2018〕85号,健民路北、站前西路东,12784.16,商务金融、零售商业、餐饮、旅馆,11355.0,郑州紫鑫置业有限公司
