,地块编号,宗地位置,地块面积（平方米）,用途,限高,容积率,起始价格（万元）
0,郑政东出〔2020〕16号（网）,圃田北路南、嘉苑路东,地上：19252.56地下空间：19166.93,地上：商服用地地下空间：零售商业、批发市场、餐饮、旅馆、交通服务场站用地,详见规划设计条件通知书,＜5.53,27700
1,郑政高出〔2020〕 1号（网）,站北路北、新荣路东,52644.37,城镇住宅用地（地下交通服务场站用地）,＜100,＞1.1，＜4.0,69279
2,郑政高出〔2020〕2号（网）,站北路南、凯旋路东,62142.31,城镇住宅用地（地下交通服务场站用地）,＜100,＞1.1，＜3.6,79291
3,郑政出〔2020〕7号（网）,太白路南、紫辰路东,118180.42,城镇住宅（地下交通服务场站用地）,＜100,＞1.1，＜3.4,146161
4,郑政出〔2020〕8号（网）,中原西路南、杭州路西,21358.69,商务金融、零售商业、批发市场、餐饮、旅馆（地下交通服务场站用地）,＜100,＜4,26037
5,郑政出〔2020〕9号（网）,百泉路北、杭州路西,32188.91,城镇住宅（地下交通服务场站用地）,＜80,＞1.0，＜3.0,35685
6,郑政东出〔2020〕1号（网）,白沙园区云松路东、云溪北路南、西科路西、西秀路北,地上：53261.33地下：53261.33,地上：城镇住宅用地、商务金融用地兼容零售商业、批发市场、餐饮、旅馆用地、城镇村道路用地地下：交通服务场站用地,详见规划设计条件通知书,＜2.084,49681
7,郑政东出〔2020〕2号（网）,白沙园区云松路东、西秀路南、西康路西,地上：47083.31地下：47083.31,地上：商务金融用地兼容零售商业、批发市场、餐饮、旅馆用地、文化设施用地、体育用地、医疗卫生用地、城镇住宅用地、城镇村道路用地地下：交通服务场站用地,详见规划设计条件通知书,＜1.837,38252
8,郑政东出〔2020〕3号（网）,白沙园区尚清路南、西科路西,地上：8323.17地下：8323.17,地上：商务金融用地兼容零售商业、批发市场、餐饮、旅馆用地地下：交通服务场站用地,＜24,＜1.5,4252
9,郑政东出〔2020〕4号（网）,白沙园区尚清路北、西秀路南、西康路东、西科路西,地上：18288.94地下：18288.94,地上：商务金融用地兼容零售商业、批发市场、餐饮、旅馆用地地下：交通服务场站用地,＜24,＜1.8,9596
10,郑政东出〔2020〕5号（网）,白沙园区西科路东、云溪北,地上：23048.13地下：23048.13,地上：零售商业、批发市场、餐饮、旅馆用地地下：交通服务场站用地,＜60,＜1.8,12355
11,郑政东出〔2020〕6号（网）,白沙园区东科路西、云溪北,地上：13406.05地下：13406.05,地上：零售商业、批发市场、餐饮、旅馆用地兼容商务金融用地地下：交通服务场站用地,＜50,＜1.4,6833
12,郑政东出〔2020〕7号（网）,白沙园区云溪北路南、西科路东、西秀路北、翠晖路西,地上：24103.20地下：24103.20,地上：城镇住宅用地、零售商业、批发市场、餐饮、旅馆用地地下：交通服务场站用地,详见规划设计条件通知书,＜2.578,26623
13,郑政东出〔2020〕8号（网）,白沙园区云溪北路南、翠晖路东、秀中路北、东科路西,地上：26502.39地下：26502.39,地上：零售商业、批发市场、餐饮、旅馆用地、城镇住宅用地；地下：交通服务场站用地,详见规划设计条件通知书,＜2.591,29623
14,郑政东出〔2020〕9号（网）,白沙园区环科路围合地块,地上：17609.49地下：17609.49,地上：商务金融用地；地下：交通服务场站用地,＜120,＜4.0,10694
15,郑政东出〔2020〕10号（网）,白沙园区西秀路南、西科路东,地上：15972.16地下：15972.16,地上：商务金融用地兼容零售商业、批发市场、餐饮、旅馆用地；地下：交通服务场站用地,＜24,＜1.5,8187
16,郑政东出〔2020〕11号（网）,白沙园区秀中路南、东科路西,地上：12540.38地下：12540.38,地上：商务金融用地；地下：交通服务场站用地,＜24,＜1.5,6348
17,郑政东出〔2020〕12号（网）,白沙园区云溪北路南、东科路东、东秀路北、云柏路西,地上：87143.76地下：87143.76,地上：商务金融用地兼容零售商业、批发市场、餐饮、旅馆用地、城镇住宅用地、城镇村道路用地；地下：交通服务场站用地,详见规划设计条件通知书,＜2.082,78161
18,郑政东出〔2020〕13号（网）,白沙园区新科环路围合地块,地上：17155.97地下：17155.97,地上：教育用地；地下：交通服务场站用地,＜24,＜0.7,4948
19,郑政东出〔2020〕14号（网）,白沙园区东科路东、东秀路南、云柏路西,地上：63507.61地下：63507.61,地上：商务金融用地兼容零售商业、批发市场、餐饮、旅馆用地、城镇住宅用地、公园与绿地用地；地下：交通服务场站用地,详见规划设计条件通知书,＜1.571,51042
20,郑政东出〔2019〕12号（网）,龙湖中环东路东、南录庄街南,79579.35,地上：城镇住宅用地地下：交通服务场站用地,＜24,＜1.7＞1.0,216000
21,郑政出〔2020〕4号（网）,南四环辅道南、怡心路西,36765.27,城镇住宅、（地下空间用途交通服务场站）,＜80,＞1.0，＜3.2,40793
22,郑政出〔2020〕5号（网）,南四环辅道南、怡心路东,31886.31,城镇住宅、（地下空间用途交通服务场站）,＜80,＞1.0，＜3.0,34646
23,郑政出〔2020〕6号（网）,啟福大道南、南四环辅道西,31996.51,城镇住宅、（地下空间用途交通服务场站）,＜100,＞1.1，＜3.3,36263
24,郑政经开出[2019]022号（网）,经南十二路以北、经开第十八大街以东,24029.09,城镇住宅（地下交通服务场站用地）,＜100,＞1.0，＜2.5,45198
25,郑政经开出[2019]023号（网）,经南十二路以北、经开第十九大街以西,25558.46,城镇住宅（地下交通服务场站用地）,＜100,＞1.0，＜2.5,48066
26,牟政出〔2018〕233号（网）,白沙园区中原大道南、青年路北、枫林路西,地上：25277.19地下：25277.19,地上：城镇住宅用地地下：交通服务场站用地,＜80,＞1.0，＜2.8,21000
27,郑政高出〔2019〕 34号（网）,科学大道北、雪松路东,43753.34,商务金融兼容城镇住宅用地（地下交通服务场站用地）,＜180,＜4.5,54002
28,郑政高出〔2019〕35号,红梅街南、花柏路东,55037.94,工业用地（地下交通服务场站用地）,＜100,＞1.6,50（地下50）
29,郑政出〔2020〕1号（网）,北岗路南、支八路西,28880.66,城镇住宅（地下交通服务场站用地）,＜100,＞1.1，＜4.0,42717
30,郑政出〔2020〕2号（网）,西岗路南、湖西路西,16694.24,城镇住宅（地下交通服务场站用地）,＜100,＞1.1，＜4.2,25122
31,郑政出〔2020〕3号（网）,湖西路西、北岗路南,44426.7,城镇住宅（地下交通服务场站用地）,＜100,＞1.1，＜4.2,66717
32,郑政出〔2019〕98号（网）,百盛路东、豫一路北,34146.04,零售商业、餐饮、旅馆用地,＜60,＜3.0,36970
33,郑政东出〔2019〕15号（网）,圃田北路南、嘉苑路东,地上：19252.56地下空间：19166.93,地上：商服用地地下空间：零售商业、批发市场、餐饮、旅馆、交通服务场站用地,详见规划设计条件通知书,＜5.53,27700
34,牟政出〔2019〕231号（网）,贺庄路东、魏庄路南、铁牛路西、瑞佳路北,地上：137591.75地下空间：131060.86,地上：旅馆、其他商服、医疗卫生用地混合；地下空间：交通服务场站用地,详见规划设计条件通知书,＜1.905,74500
35,郑政出〔2019〕95号（网）,学院路东、安宁路南,45572.23,城镇住宅,＜80,"＞1.0,＜3",46582
36,郑政出〔2019〕96号（网）,盆刘南路北、乐平路西,19007.48,城镇住宅（地下交通服务场站用地）,＜80,"＞1.1,＜2.8",20447
37,郑政出〔2019〕97号（网）,秦岭路西、汝河路南,70406.25,城镇住宅用地兼容零售商业、餐饮、旅馆、商务金融用地（地下交通服务场站用地）,＜100,"＞1.1,＜4.2",121455
38,郑政出〔2019〕91号（网）,杓袁中一街西、杓袁北路南,81208.12,城镇住宅（地下交通服务场站用地）,＜56,＞1.1＜3,105142
39,郑政出〔2019〕92号（网）,雪松路东、高铁北路南,63143.61,城镇住宅（地下交通服务场站用地）,＜80,＞1.1＜2,64478
40,郑政出〔2019〕93号（网）,永康路南、双铁路西,66617.52,城镇住宅,＜100,＞1＜3.5,76486
41,郑政出〔2019〕94号（网）,振兴路东、芦庄路南,39269.1,城镇住宅（地下交通服务场站用地）,＜80,＞1.1＜3,42899
42,郑政经开出[2019]024号（网）,岔河西路以东、经北五路以南,43977.33,城镇住宅（地下交通服务场站用地）,＜80,＞1.0，＜3.0,85972
43,郑政经开出[2019]025号（网）,经开区经北三路以南、传媒路以西,30518.35,城镇住宅（地下交通服务场站用地）,＜80,＞1.0，＜3.0,59703
44,郑政经开出[2019]026号（网）,经北五路以北、传媒路以西,56105.82,城镇住宅（地下交通服务场站用地）,＜80,＞1.0，＜3.0,109667
45,郑政出〔2019〕88号（网）,小李庄路南、祥和路西,35592.90,城镇住宅（地下交通服务场站用地）,＜100,"＞1.1,＜3",39197
46,郑政出〔2019〕89号（网）,金岱路南、建武路西,28191.56,城镇住宅（地下交通服务场站用地）,＜100,"＞1.1,＜3.0",30976
47,郑政出〔2019〕90号（网）,金城大道北、杨槐路西,55698.99,城镇住宅用地兼容零售商业、餐饮、旅馆用地（地下交通服务场站用地）,＜50,"＞1.1,＜2.5",70477
48,郑政东出〔2019〕14号（网）,龙湖内环南路南、众意西路东,55225.35,地上：城镇住宅用地地下：交通服务场站用地,＜24,＞1.0＜1.7,152000
49,郑政出〔2019〕85号（网）,豫十路北、潮河东路东,20210.05,城镇住宅、地下空间用途交通服务场站,＜80,＞1.1、＜2.5,20937
50,郑政出〔2019〕86号（网）,京水西路东、祥云大道北,58976.84,城镇住宅兼容零售商业、餐饮、旅馆,＜26,＞1.0、＜1.8,64448
51,郑政出〔2019〕87号（网）,京水路东、滨河路北,120278.23,城镇住宅、地下空间用途交通服务场站,＜25/35,＞1.1、＜1.5,131323
52,郑政经开出[2019]029号（网）,经南八路以南、经开第三十五大街以西、经南九路以北、经开第三十四大街以东,69851.66,城镇住宅（地下交通服务场站用地）,＜54,＞1.0，＜2.5,70299
53,郑政经开出[2019]030号（网）,经南八路以南、经开第三十五大街以东、经南九路以北、经开第三十六大街以西,69466.74,城镇住宅（地下交通服务场站用地）,＜54,＞1.0，＜2.5,69933
54,郑政高出〔2019〕 33号（网）,站北路北、雄鹰东路西,13091.5,城镇住宅用地（地下交通服务场站用地）,＜100,＞1.1，＜4.0,17152
55,郑政出〔2019〕81号（网）,市场街南、南三环南辅道东,85317.93,城镇住宅（地下交通服务场站用地）,＜100,"＞1.0,＜3.4",90260
56,郑政出〔2019〕82号（网）,明晖路南、龙腾路西,57680.25,城镇住宅（地下交通服务场站用地）,＜60,"＞1.0,＜2.5",60284
57,郑政出〔2019〕83号（网）,科技路南、杜庄街西,25359.29,城镇住宅（地下交通服务场站用地）,＜60,"＞1.1,＜2.5",27998
58,郑政出〔2019〕84号（网）,科技路南、天山路西,34601.47,城镇住宅（地下交通服务场站用地）,＜80,"＞1.1,＜3.0",39792
59,郑政出〔2019〕80号（网）,经南十三路以南、经南十四路以北、经开第十七大街以东,77167.61,城镇住宅（地下交通服务场站用地）,＜100,"＞1.0,＜2.5",143004
60,郑政东出〔2019〕13号（网）,龙湖外环北路南、龙津路东,72440.64,地上：城镇住宅地下：交通服务场站,＜60,＜2.5＞1.1,222000
61,郑上出〔2019〕14号（网）,安阳路以北、通航五路以西,51287.32,教育用地兼容科研用地,＜24,＜1.6,3616
62,郑政东出〔2019〕11号（网）,龙湖中环东路东、南录庄街北,56247.63,地上：城镇住宅用地地下：交通服务场站用地,＜24,＞1.0、＜1.7,152000
63,郑政东出〔2019〕9号（网）,动力北路北、博学路东,6428.74,地上：商服用地地下：商服用地、交通服务场站用地,≤100,＜5.0,9300
64,郑政东出〔2019〕10号（网）,动力南路南、思源西街东,17737.09,地上：商服用地地下：商服用地、交通服务场站用地,≤100,＜5.5,25700
65,郑政东出〔2019〕12号（网）,龙湖中环东路东、南录庄街南,79579.35,地上：城镇住宅用地地下：交通服务场站用地,＜24,＜1.7＞1.0,216000
66,郑政经开出[2019]020号（网）,凌云路以北、宇龙街（规划路名白石东街）以东、朗星路以南,23871.11,城镇住宅（地下交通服务场站用地）,＜100,＞1.0，＜3.5,30456
67,郑政经开出[2019]021号（网）,朗星路以南、龙善街以西、美辰路以北、龙真街以东,48153.32,城镇住宅（地下交通服务场站用地）,＜100,＞1.0，＜3.5,61494
68,郑上出〔2019〕11号（网）,白云路以北、洛宁路以西,27582.93,商务金融兼容零售商业、批发市场、餐饮、旅馆用地,＜45,＜2.5,6414
69,郑上出〔2019〕12号（网）,安阳路以北、规划通航九路西侧,51126.32,城镇住宅兼容零售商业、批发市场、餐饮、旅馆用地,＜45,＞1.1，＜2.6,14188
70,郑上出〔2019〕13号（网）,洛宁路以东、安阳路以北,18340.47,零售商业、批发市场、餐饮、旅馆用地,＜45,＜2.5,4265
71,郑政经开出[2019]017号（网）,兰心东路以南、碧泉街以东、浔江东路以北、蓝湖街以西,51156.03,城镇住宅（地下交通服务场站用地）,＜100,＞1.0，＜2.5,59124
72,郑上出〔2019〕10号（网）,金华路以东、规划漓江路南侧,41786.63,城镇住宅用地兼容零售商业、批发市场、餐饮、旅馆用地,＜80,＞1.0＜2.5,16297
73,郑政高出〔2019〕32号,化工路南、碧桃路西、站北路北,10005.09,工业用地（地下交通服务场站用地）,＜60,＞1.6,50（地下50）
74,郑政出〔2019〕79号（网）,银山路南、佳合路西,66547.18,城镇住宅（地下交通服务场站用地）,＜80,"＞1.1,＜3.0",73978
75,郑政高出〔2019〕 28号（网）,落樱街南、雨蕉路东、滨河路北、秋罗路西,27071.36,城镇住宅用地（地下交通服务场站用地）,＜60,＞1.1，＜2.7,25856
76,郑政高出〔2019〕29号（网）,创新大道西、金盏街南,68307.71,城镇住宅兼容零售商业、批发市场、餐饮、旅馆用地（地下交通服务场站用地）,＜100,＞1.1，＜2.5,68769
77,郑政高出〔2019〕 30号（网）,池北路北、郁香路东,45210.03,商务金融兼容零售商业、批发市场、餐饮、旅馆、城镇住宅用地（地下交通服务场站用地）,＜80,＜3.0,55669
78,郑政高出〔2019〕 31号（网）,三全路西延南、郁香路东,9124.43,交通服务场站用地,\,\,2091
79,郑政出〔2019〕78号（网）,经一路东、明鸿路南,15094.79,城镇住宅（地下交通服务场站用地）,＜60,"＞1.0,＜3.3",29924
80,郑政出〔2019〕74号（网）,天元路南、固城路西,86628.99,城镇住宅（地下交通服务场站用地）,＜100,"＞1.1,＜3.0",98795
81,郑政出〔2019〕75号（网）,学府路南、爱民路西,74629.59,城镇住宅（地下交通服务场站用地）,＜100,"＞1.1,＜3.5",90000
82,郑政出〔2019〕76号（网）,刘东路西、九冶路北,24245.97,城镇住宅（地下交通服务场站用地）,＜100,"＞1.1,＜3.0",26579
83,郑政出〔2019〕71号（网）,杓袁南路北、杓袁东路西,59888.35,城镇住宅（地下交通服务场站用地）,＜56,"＞1.1,＜2.9",77053
84,郑政出〔2019〕72号（网）,飞达路东、兴隆路南,34429.71,城镇住宅（地下交通服务场站用地）,＜100,"＞1.1,＜3.0",38111
85,郑政出〔2019〕73号（网）,十八里河路南、飞达路东,37822.78,城镇住宅（地下交通服务场站用地）,＜100,"＞1.1,＜3.0",41913
86,郑政高出〔2019〕24号,枫香街南、红杉路东,112137.27,工业（新型产业用地）兼容零售商业、餐饮、旅馆、地下交通服务场站、工业用地,＜80,＞1.6＜3.0,工业50、零售商业、餐饮、旅馆40（地下空间50）
87,郑政高出〔2019〕 25号（网）,宏达街南、西三环北延东,85335.80,城镇住宅用地兼容零售商业、批发市场、餐饮、旅馆、商务金融用地（地下交通服务场站用地）,＜100,＞1.0，＜3.4,105741
88,郑政高出〔2019〕26号（网）,冬青街南、雪松路西,13474.84,零售商业、批发市场、餐饮、旅馆用地兼容城镇住宅用地（地下交通服务场站用地）,＜100,＜5.0,19187
89,郑政高出〔2019〕27号（网）,冬青街北、石楠路东,26242.22,城镇住宅（地下交通服务场站用地）,＜100,"＞1.1,＜4.0",34886
90,郑政东出〔2019〕8号（网）,育翔路北、夏庄街西,16239.94,地上：工业用地（新型工业用地）地下：交通服务场站用地,＜80,＞2.5＜3.0,3650
91,郑政出〔2019〕67号（网）,金宝路南、经五街西,44111.96,城镇住宅（地下交通服务场站用地）,＜50,"＞1.0,＜2.5",46163
92,郑政出〔2019〕68号（网）,芳仪路南、南四环路辅道西,39059.32,城镇住宅,＜100,"＞1.0,＜3.0",40865
93,郑政出〔2019〕69号（网）,鼎盛大道南、青铜西路东,34849.06,零售商业、餐饮、旅馆、商务金融,＜280,"＞0,＜10",52906
94,郑政出〔2019〕70号（网）,站马屯路南、郑新大道西,28379.63,城镇住宅,＜100,"＞1.0,＜3.5",32223
95,郑政高出〔2019〕22号,创新大道东、杜英街南,112816.08,工业用地,＜60,＞1.6,50
96,郑政高出〔2019〕23号,绿梅街南、红杉路东,20000.42,工业用地（地下交通服务场站用地）,＜100,＞1.0,50（地下50）
97,郑政出〔2019〕65号（网）,皓月路南、庄文路西,56746.72,城镇住宅兼容商务金融（地下交通服务场站）,＜120,"＞1.1,＜3.6",66284
98,郑政出〔2019〕66号（网）,红旗路北、经一路西,42954.39,城镇住宅（地下交通服务场站）,＜100,"＞1.1,＜5",95518
99,郑政高出〔2019〕 19号（网）,科学大道北、瑞达路西,60870.03,零售商业、批发市场、餐饮、旅馆兼容城镇住宅用地（地下零售商业、批发市场、餐饮、旅馆用地和交通服务场站用地）,＜200,＜5.1,82357
100,郑政高出〔2019〕 20号（网）,科学大道北、瑞达路西,23979.41,交通服务场站用地（地下空间）,1302,地下空间主要使用功能为配建停车，地下空间建设深度＜15米，地下空间利用率＜30%，地下空间开发层数≤2层，地下空间建筑面积＜14387平方米。,651
101,郑政高出〔2019〕21 号（网）,金梭路东、木兰里南,14636.82,商务金融用地兼容零售商业、批发市场、餐饮、旅馆和城镇住宅用地（地下交通服务场站用地）,＜80,＜3.5,18862
102,郑政出〔2019〕64号（网）,昌达路北、西四环路东,52132.25,城镇住宅（地下交通服务场站用地）,＜100,"＞1.1,＜3.65",63832
103,郑政出〔2019〕60号（网）,红旗路北、经二路西,30597.13,城镇住宅（地下交通服务场站用地）,＜100,"＞1.1,＜5",68073
104,郑政出〔2019〕61号（网）,冉屯北路南、嵩山北路西,3722.53,零售商业、餐饮、旅馆（地下交通服务场站用地）,＜100,＜5.9,7170
105,郑政出〔2019〕62号（网）,嵩山北路西、冉屯北路北,20454.4,城镇住宅兼容零售商业、餐饮、旅馆（地下交通服务场站用地）,＜100,"＞1.1,＜4.9",37879
106,郑政出〔2019〕63号（网）,沙口路东、农业路北,33155.69,城镇住宅（地下交通服务场站用地）,＜100,"＞1.1,＜5.2",62433
107,郑政出〔2019〕58号（网）,富贵路南、凌霄路西,43241.01,城镇住宅（地下交通服务场站用地）,＜80,"＞1.1,＜3.1",47327
108,郑政出〔2019〕59号（网）,阳春路北、凌霄路西,52814.22,城镇住宅（地下交通服务场站用地）,＜100,"＞1.1,＜3.5",59467
109,郑上出〔2019〕9号（网）,孟津路东侧、龙江路南侧,65970.65,城镇住宅,＜80,＞1、＜2.5,24542
110,郑政经开出[2019]016号（网）,兰心东路以南、碧泉街以东、浔江东路以北、蓝湖街以西,33058.54,城镇住宅（地下交通服务场站用地）,＜100,＞1.0，＜2.5,38268
111,郑政经开出[2019]017号（网）,兰心东路以南、碧泉街以东、浔江东路以北、蓝湖街以西,51156.03,城镇住宅（地下交通服务场站用地）,＜100,＞1.0，＜2.5,59124
112,郑政经开出[2019]018号（网）,朗星路以南、龙美街以东、美辰路以北、前程大道以西,33356.58,城镇住宅（地下交通服务场站用地）,＜100,＞1.0，＜3.5,42107
113,郑政经开出[2019]019号（网）,朗星路以南、龙美街以西、美辰路以北、龙善街以东,43595.11,城镇住宅（地下交通服务场站用地）,＜100,＞1.0，＜3.5,54902
114,郑政东出〔2019〕5号（网）,龙湖中环南路北、九如东路东,27467.40,商务金融、零售商业、批发市场、餐饮、旅馆、其他商服用地,＜24,＜2.0,34100
115,郑政东出〔2019〕6号（网）,圃田北路南、圃田西路东,1461.84,交通服务场站用地（地下空间）,193,地下空间主要使用功能为停车及配套设施，建设深度＜20米，地下建筑面积＜2900平方米，地下空间开发层数为3层，地下空间利用率＜66%。,50
116,郑政东出〔2019〕7号（网）,东站北街南、心怡路东,37800.89,地下空间土地用途为商服（零售商业、批发市场、餐饮、旅馆）用地、交通服务场站用地,10500,地下空间主要使用功能为商业设施、停车设施、人防设施及其附属设施，建设深度＜20米，按照开发三层计算，地下建筑面积控制在55000平方米以内，单层可开发最大面积为34854.16平方米；其中配套商业设施分布在地下一层，地下一层建筑面积控制在31000平方米以内，地下二层面积控制在20000平方米以内，地下三层面积控制在4000平方米以内。,商服40年、交通服务场站50年
117,郑上出〔2019〕8号（网）,新安路北侧,3190.25,商业服务业设施用地,＜24,＜0.8,1436
118,郑政高出〔2019〕17号,雪梅街北、花柏路东,20000.18,工业用地(地下交通服务场站用地）,＜100,＞1.0,50（地下空间50）
119,郑政高出〔2019〕18号,红杉路东、雪梅街南,65687.91,工业用地(地下交通服务场站用地）,＜80,＞1.0,50（地下空间50）
120,牟政出〔2018〕232号（网）,白沙园区白沙路南、同德路东、润丰路北、雁鸣路西,69994.39,地上：城镇住宅用地地下：交通服务场站用地,＜100,＞1.0，＜2.6,55000
121,郑政高出〔2019〕16号（网）,翠竹街南、垂柳路东,81632.31,城镇住宅兼容零售商业、批发市场、餐饮、旅馆用地（地下交通服务场站用地）,＜100,"＞1.1,＜4.5",110908
122,郑政出〔2019〕51号（网）,鸿宝南路北、鸿中路东,12431.35,商务金融兼容零售商业、餐饮、旅馆用地（地下交通服务场站用地）,不得超过53－59,＜3.8,14178
123,郑政出〔2019〕52号（网）,学院路东、安宁路南,45572.23,城镇住宅,＜80,"＞1.0,＜3.0",44840
124,郑政出〔2019〕53号（网）,童心路南、文德路西,43551.49,城镇住宅兼容零售商业、餐饮、旅馆、（地下交通服务场站用地）,＜100,"＞1.0,＜3.5",49915
125,郑政出〔2019〕54号（网）,皓月路南、站前大道西,46010.16,城镇住宅（地下交通服务场站用地）,＜100,"＞1.1,＜3.8",52133
126,郑政出〔2019〕55号（网）,富国路西、豫五路北,49032.75,城镇住宅（地下交通服务场站用地）,＜100,"＞1.1,＜3.5",54043
127,郑政出〔2019〕56号（网）,天福路南、建文路西,31074.48,城镇住宅（地下交通服务场站用地）,＜100,"＞1.1,＜3.0",33641
128,郑政出〔2019〕57号（网）,天福路南、建武路西,29504.95,城镇住宅（地下交通服务场站用地）,＜100,"＞1.1,＜3.0",31891
129,郑政出〔2019〕49号（网）,农业路北、东明路东,32982.25,商务金融兼容城镇住宅（地下为交通服务场站）,＜100,"＞1.0,＜5.8",74812
130,郑政出〔2019〕50号（网）,农业路北、姚砦路西,23288.8,零售商业、餐饮、旅馆用地兼容商务金融（地下为交通服务场站）,＜200,＜7.9,58959
131,郑政出〔2019〕48号（网）,泉州路西、文博大道北,55786.23,城镇住宅（地下为交通服务场站）,＜100,"＞1.0,＜3.5",63661
132,郑政高出〔2019〕11号（网）,枫香街南、金柏路东,10933.13,城镇住宅,＜100,"＞1.0,＜3.5",10910
133,郑政高出〔2019〕12号（网）,枫香街南、红杉路西,39024.39,城镇住宅,＜100,"＞1.0,＜3.5",38993
134,郑政高出〔2019〕13号（网）,杜兰街南、红杉路西,45915.05,城镇住宅,＜100,"＞1.0,＜3.5",45857
135,郑政高出〔2019〕8号,莲花街南、西四环辅道西,115219.86,工业用地,＜60,＞1.6,50
136,郑政高出〔2019〕9号,莲花街南、山茶路西,71350.12,工业用地,＜60,＞1.6,50
137,郑政高出〔2019〕10号,雪梅街南、翠柏路西,34126.44,工业用地（地下交通服务场站用地、工业用地）,＜80,＞1.6,50（地下空间50）
138,郑政高出〔2019〕14号,雪梅街北、翠柏路西,21333.70,工业用地（地下交通服务场站）,＜100,＞1.0,50（地下空间50）
139,郑政高出〔2019〕15号,河阳路北、翠柏路西,122120.92,工业用地（新型产业用地）、（地下交通服务场站、工业用地）,＜80,＞1.6＜2.5,工业50、零售商业、餐饮、旅馆40（地下空间50）
140,郑政高出〔2019〕1号（网）,梧桐街北、梅林路东,47823.65,城镇住宅（地下交通服务场站用地）,＜100,"＞1.1,＜3.5",46923
141,郑政高出〔2019〕2号（网）,紫檀路东、杜英街南,37636.04,城镇住宅（地下交通服务场站用地）,＜60,"＞1.1,＜2.0",31438
142,郑政高出〔2019〕3号（网）,梧桐街南、梅林路东,39316.99,城镇住宅（地下交通服务场站用地）,＜60,"＞1.1,＜2.0",32772
143,郑政高出〔2019〕4号（网）,梧桐街北、金柏路西,11164.94,零售商业、批发市场、餐饮、旅馆（地下交通服务场站用地）,＜80,"＞1.1,＜3.0",10604
144,郑政高出〔2019〕5号（网）,科学大道南、金柏路东,21480.41,零售商业、批发市场、餐饮、旅馆兼容商务金融,＜100,＜3.5,20483
145,郑政高出〔2019〕6号（网）,杜英街北、红杉路西,42352.55,城镇住宅,＜100,"＞1.0,＜3.5",39700
146,郑政高出〔2019〕7号（网）,石楠路西、冬青街北,70151.91,城镇住宅（地下交通服务场站用地）,＜100,"＞1.0,＜3.0",84859
147,郑政东出〔2019〕3号（网）,龙湖中环南路南、龙腾二街东,55185.94,地上：零售商业、批发市场、餐饮、旅馆用地地下：交通服务场站用地,＜20,＜1.5,68000
148,郑政东出〔2019〕4号（网）,动力北路北、嘉苑东路西,6957.82,地上：商服用地（零售商业、批发市场、餐饮、旅馆、商务金融）地下：商服（零售商业、批发市场、餐饮、旅馆）、交通服务场站用地,40-45,＜5.0,9700
149,郑上出〔2019〕6号（网）,商业街西侧、济源路南侧,41658.21,城镇住宅兼容零售商业、批发市场、餐饮、旅馆,＜100,＞1、＜4.0,20224
150,郑政出〔2019〕46号（网）,新兴街南、天河路东,61912.23,城镇住宅（地下交通服务场站用地）,＜100,"＞1.1,＜3.3",67236
151,郑政出〔2019〕47号（网）,永兴路南、慧科环路西,80207.74,城镇住宅（地下交通服务场站用地）,＜50,"＞1.0,＜2.6",81749
152,郑政出〔2019〕38号（网）,明珠路东、豫五路南,28608.73,城镇住宅（地下交通服务场站用地）,＜100,"＞1.1,＜2.5",28819
153,郑政出〔2019〕39号（网）,荆庄路东、豫五路南,45604.51,城镇住宅（地下交通服务场站用地）,＜100,"＞1.1,＜2.5",45908
154,郑政出〔2019〕40号（网）,飞翔路北、富国路西,22633.5,仓储用地（地下交通服务场站用地）,＜40,"＞1.6,＜2.5",1908
155,郑政出〔2019〕41号（网）,豫二路南、白玉路西,40588.22,城镇住宅（地下交通服务场站用地）,＜80,"＞1.0,＜3.0",42645
156,郑政出〔2019〕42号（网）,豫三路南、豫兴路西,41863.91,城镇住宅（地下交通服务场站用地）,＜60,"＞1.0,＜2.0",40212
157,郑政出〔2019〕43号（网）,兴隆铺路南、粮食西路西,48001.95,城镇住宅兼容零售商业、餐饮、旅馆、商务金融（地下交通服务场站）,＜100,"＞1.0,＜4.5",71408
158,郑政出〔2019〕44号（网）,滨河路北、清华园路西,32926.67,城镇住宅（地下交通服务场站）,＜100,"＞1.0,＜2.0",32438
159,郑政出〔2019〕45号（网）,石苏路北、中央东路西,31299.57,城镇住宅兼容零售商业、餐饮、旅馆（地下交通服务场站）,＜100,"＞1.0,＜2.5",33223
160,郑政出〔2019〕36号（网）,林荫北路南、思源路西,42538.29,城镇住宅（地下交通服务场站用地）,＜80,"＞1.0,＜3.2",44523
161,郑政出〔2019〕37号（网）,林荫北路北、思源路西,55787.54,城镇住宅（地下交通服务场站用地）,＜80,"＞1.0,＜3.0",57407
162,郑上出〔2019〕5号（网）,金华路东侧、许昌路南侧,36019.87,城镇住宅,＜80,＞1、＜2.5,14859
163,郑政经开出[2019]006号（网）,南三环（规划路名物流大道）以南、凤河东街（规划路名花马东街）以东,4405.26,仓储用地（地下空间）,生产性建筑＜40，非生产性建筑＜80,＞1.6,276
164,郑政出〔2019〕34号（网）,刘湾路南、香江路西,48975.2,城镇住宅（地下交通服务场站用地）,＜80,"＞1.1,＜2.5",48457
165,郑政出〔2019〕35号（网）,刘湾北路南、兴业路东,30711.58,城镇住宅（地下交通服务场站用地）,＜80,"＞1.1,＜3.0",31671
166,郑政经开出[2019]003号（网）,泰达路（规划路名寿达路）以南、远通街（规划路名信通一街）以东、信通北街（规划路名信通街）以西,26681.05,仓储用地,生产性建筑＜40，非生产性建筑＜80,＞1.2,1320
167,郑政经开出[2019]004号（网）,望湖路以南、凤河东街（规划路名花马东街）以东,20301.69,仓储用地,生产性建筑＜40，非生产性建筑＜80,＞1.6,994
168,郑政经开出[2019]005号（网）,兰心东路以南、浔江东路（规划路名九龙大道）以北、傲雪南路以东,19839.68,仓储用地,生产性建筑＜40，非生产性建筑＜80,＞1.6,1151
169,郑政出〔2019〕31号（网）,鸿业路北、任庄路东,29968.44,城镇住宅（地下交通服务场站用地）,＜88,"＞1.1,＜1.7",24504
170,郑政出〔2019〕32号（网）,郑少高速辅道南、景西一路东,41297.17,城镇住宅（地下交通服务场站用地）,＜60,"＞1.0,＜2.5",41458
171,郑政出〔2019〕33号（网）,玉瑞路东、金龙路北,16431.36,城镇住宅（地下交通服务场站用地）,＜100,"＞1.0,＜3.5",17865
172,郑政出〔2019〕29号（网）,鸿发路北、博学路东,88590.39,城镇住宅（地下交通服务场站用地）,＜54,"＞1.1,＜2.0",83716
173,郑政出〔2019〕30号（网）,鸿业路南、农场路西,75196.93,商务金融（地下交通服务场站用地）,＜63,＜2.0,68775
174,牟政出〔2018〕231号（网）,白沙园区宇正路北、忠贤西路南、锦绣路西、大有路东,49602.95㎡,地上：仓储用地地下：交通服务场站用地,＜80,＞1.2，＜2.5,5000
175,郑政出〔2019〕28号（网）,新城北路南、京水路东,26365.16,商务金融（地下交通服务场站用地）,＜50,＜4.0,25784
176,郑政出〔2019〕27号（网）,小李庄路南、建文路西,26699.18,城镇住宅（地下交通服务场站用地）,＜100,"＞1.1,＜3.0",28099
177,郑政出〔2019〕24号（网）,刘东路东、九冶路北,30864.92,城镇住宅（地下交通服务场站用地）,＜100,"＞1.1,＜3.0",32061
178,郑政出〔2019〕25号（网）,京广南路东、左江路北,50174.36,城镇住宅（地下交通服务场站用地）,＜100,"＞1.1,＜3.0",52003
179,郑政出〔2019〕26号（网）,振兴东路东、百姓路南,44615.31,城镇住宅（地下交通服务场站用地）,＜100,"＞1.1,＜3.0",46740
180,郑政出〔2019〕22号（网）,兴隆路南、飞达路西,29662.29,城镇住宅（地下为交通服务场站）,＜100,"＞1.1,＜3.0",32133
181,郑政出〔2019〕23号（网）,颍河西路南、石羊路东,38004.69,城镇住宅（地下为交通服务场站）,＜100,"＞1.1,＜5.5",58474
182,郑政东出〔2019〕2号（网）,薛夏南街北、薛岗街东,53189.50,地上：商务金融用地地下：交通服务场站用地,＜120,＜4.5,51700
183,郑政出〔2019〕20号（网）,博卉路北、园田北路西,33769.09,城镇住宅（地下交通服务场站用地）,＜100,"＞1.1,＜4.8",53836
184,郑政出〔2019〕21号（网）,国基路南、园田北路西,61008.9,城镇住宅兼容零售商业、餐饮、旅馆、商务金融（地下交通服务场站用地）,＜100（商务建筑高度小于150米）,"＞1.1,＜6",106652
185,郑政出〔2019〕17号（网）,翰林路南、长安路东,5033.66,城镇住宅,＜100,"＞1.0,＜3.5",6133
186,郑政出〔2019〕18号（网）,魏河南路南、桑叶路西,22801.21,城镇住宅,＜100,"＞1.0,＜3.5",27795
187,郑政出〔2019〕19号（网）,景泰路东、杨金路北,27584.36,商务金融（地下为交通服务场站）,＜50,＜2.5,25472
188,郑政出〔2019〕13号（网）,林荫北路南、思源路西,42538.29,城镇住宅（地下交通服务场站用地）,＜80,"＞1.0,＜3.2",44523
189,郑政出〔2019〕14号（网）,林荫北路北、思源路西,55787.54,城镇住宅（地下交通服务场站用地）,＜80,"＞1.0,＜3.0",57407
190,郑政出〔2019〕15号（网）,郑港辅路西、鸿宝路北,48749.36,城镇住宅（地下交通服务场站用地）,＜94,"＞1.0,＜2.0",41863
191,郑政出〔2019〕16号（网）,芦庄路南、南岗路西,48210.4,城镇住宅,＜80,"＞1.0,＜3.5",50967
192,郑政东出〔2019〕1号（网）,康宁街（原康宁路）南、心怡路东,16955.08,地上：商服用地地下：商服用地、交通服务场站用地,＜150,＜6.8,29700
193,郑政出〔2019〕12号（网）,水磨路北、萍湖路西,38584.36,城镇住宅（地下交通服务场站用地）,＜40,"＞1.0,＜1.6",33124
194,郑政东出〔2018〕25号（网）,九如东路东、如意河东二街南,64692.24,城镇住宅,＜24,＞1.0；  ＜1.7,168000
195,郑政出〔2019〕10号（网）,思源路南、景中路西,34626.81,城镇住宅（地下交通服务场站用地）,＜40,"＞1.0,＜2.0",31623
196,郑政出〔2019〕11号（网）,林荫南路东、同欣路南,20369.79,城镇住宅（地下交通服务场站用地）,＜24,"＞1.0,＜1.4",17167
197,郑政出〔2019〕8号（网）,田园路东、九冶路南,67185.27,城镇住宅（地下交通服务场站用地）,＜100,"＞1.1,＜3",56869
198,郑政出〔2019〕9号（网）,中原西路北辅道北、中州路西,20058.87,商务金融兼容零售商业、批发市场、餐饮、旅馆用地（地下交通服务场站用地）,＜100,＜4,23108
199,郑政东出〔2018〕27号（网）,北三环路南、九如路东,43232.88,城镇住宅,＜24,＞1.0；  ＜1.7,112000
200,郑政出〔2019〕4号（网）,代庄南街北、行云路东,35576.11,城镇住宅兼容零售商业、餐饮、旅馆、商务金融（地下交通服务场站用地）,＜120,"＞1.1,＜6.1",57125
201,郑政出〔2019〕5号（网）,张魏寨路南、建云街东,26684.72,城镇住宅（地下交通服务场站用地）,＜120,"＞1.1,＜4.9",38268
202,郑政出〔2019〕6号（网）,三官中路西、芦庄路北,44948.81,城镇住宅,＜60,"＞1.0,＜2.5",43651
203,郑政出〔2019〕7号（网）,少林路南、消防路西,5410.81,城镇住宅,＜80,"≥1.0,＜2.5",5324
204,郑政出〔2019〕3号（网）,景怡路北、贺庄新街东,65510.54,城镇住宅（地下为交通服务场站）,＜44、47、50,"＞1.1,＜2.4",64871
205,郑政出〔2018〕185号（网）,杨柳街东、金达路南,8820.35,零售商业、餐饮、旅馆兼容娱乐用地（地下交通服务场站用地）,＜80,＜4.2,9891
206,郑政出〔2018〕183号（网）,三全路南、园田北路东,64596.08,城镇住宅兼容零售商业、餐饮、旅馆、商务金融用地（地下为交通服务场站、零售商业、餐饮、旅馆用地）,＜100 （兼容商业、商务＜150）,"＞1.1,＜4.9",100775
207,郑政出〔2018〕184号（网）,天泰路东、鼎盛大道北,15014.08,零售商业、餐饮、旅馆用地,＜100,＜4.0,17061
208,郑政东出〔2018〕24号（网）,北三环路南、九如东路东,33048.30,城镇住宅,＜24,＞1.0；  ＜1.7,88000
209,郑政出〔2018〕178号（网）,凤凰路北、规划一路西,5900.12,城镇住宅（地下为交通服务场站）,＜100,"＞1.1,＜5.4",10352
210,郑政出〔2018〕179号（网）,石化路南、未来路西,28492.52,城镇住宅（地下为交通服务场站）,＜100,"＞1.1,＜3.8",42091
211,郑政出〔2018〕180号（网）,二里岗南街北、未来路西,4649.46,零售商业（加油加气站）,＜12,＜0.2,6987
212,郑政出〔2018〕181号（网）,桐柏路西、黄水街南,69551.39,城镇住宅兼容零售商业、餐饮、旅馆,＜100,"＞1.0,＜4.1",78549
213,郑政出〔2018〕182号（网）,创文路东、星海路南,27431.93,城镇住宅（地下为交通服务场站）,＜60,"＞1.1,＜2",24455
214,郑上出〔2018〕17号（网）,通航五路东侧、安阳路北侧,93643.23,商业兼容商务,＜45,＜2.5,21670
215,郑政出〔2018〕176号（网）,农场路东、鸿业路北,88756.93,城镇住宅（地下交通服务场站用地）,＜30,"＞1.1,＜1.3",75072
216,郑政出〔2018〕177号（网）,丰庆北路东、新龙路南,52879.97,城镇住宅（地下交通服务场站用地）,＜100,"＞1.1,＜4.2",74228
217,郑政出〔2018〕175号（网）,红梅街南、川杨路西,51395.4,城镇住宅（地下交通服务场站用地）,＜80,"＞1.1,＜2.5",43763
218,郑政出〔2018〕 168号（网）,经开第十六大街东、经南十三路北,80811.15,城镇住宅（地下交通服务场站、人防设施）,＜100,＞1.0、＜2.0,70(地下50)
219,郑政出〔2018〕 169号（网）,经南十四路以南、经开第十五大街东,62272.9,城镇住宅（地下交通服务场站用地）,＜100,＞1.0、＜2.5,70(地下50)
220,郑政出〔2018〕164号（网）,新城北路南、京水路东,26365.16,商务金融(地下交通服务场站),＜50,＜4,25784
221,郑政出〔2018〕165号（网）,郑峪路南、站前大道西,59486.4,城镇住宅（地下交通服务场站用地）,＜100,"＞1.1,＜3.5",64603
222,郑政出〔2018〕166号（网）,高铁北路北、创文路西,28240.79,城镇住宅（地下交通服务场站用地）,＜100,"＞1.1,＜3.5",30664
223,郑政出〔2018〕167号（网）,南宏路南、杏园路东,38229,城镇住宅,＜100,"＞1.0,＜3.5",36280
224,郑政出〔2018〕161号（网）,富贵路南、中州路西,36894.48,城镇住宅（地下交通服务场站用地）,＜80,"＞1.0,＜3",37811
225,郑政出〔2018〕162号（网）,富贵路南、中州路东,33348.66,城镇住宅（地下交通服务场站用地）,＜80,"＞1.0,＜3",34150
226,郑政出〔2018〕163号（网）,中原西路北辅道北、杭州路西,22060.31,商务金融兼容零售商业、餐饮、旅馆（地下空间用途为交通服务场站）,＜100,＜4,24820
227,郑政出〔2018〕156号（网）,阳春路南、渠南路西,89470.06,城镇住宅（地下交通服务场站用地）,＜100,"＞1,＜3.2",93180
228,郑政出〔2018〕157号（网）,百泉路北、杭州路东,35444.61,城镇住宅（地下交通服务场站用地）,＜80,"＞1.1,＜3.5",37872
229,郑政出〔2018〕158号（网）,航海西路南、伏牛路东,31731.97,城镇住宅兼容零售商业、餐饮、旅馆用地,＜100,"＞1.0,＜4.4",42717
230,郑政出〔2018〕159号（网）,杓袁中二街西、杓袁北路南,13696.3,城镇住宅（地下交通服务场站用地）,＜56,"＞1.1,＜3.8",15119
231,郑政出〔2018〕160号（网）,景怡路北、新庄东路东,20106.92,城镇住宅（地下交通服务场站用地）,＜50,"＞1.0,＜2.5",18321
232,郑政出〔2018〕152号（网）,凤凰路南、未来路西,12109.45,城镇住宅（地下交通服务场站用地）,＜100,"＞1.1,＜4",18789
233,郑政出〔2018〕153号（网）,凤凰路南、规划三路东,23726.24,城镇住宅（地下交通服务场站用地）,＜100,"＞1.1,＜4.3",37103
234,郑政出〔2018〕154号（网）,未来路西、凤凰路北,10316,零售商业、餐饮、旅馆兼容城镇住宅（地下空间用途为交通服务场站）,＜100,＜5.3,17774
235,郑政出〔2018〕155号（网）,郑新大道东、站马屯路南,81799.51,城镇住宅,＜100,＞1＜3.5,72614
236,郑政出〔2018〕150号（网）,莲花街南、川杨路东,51863.8,城镇住宅（地下交通服务场站用地）,＜100,＞1.1＜3.0,46121
237,郑政出〔2018〕151号（网）,莲花街南、川杨路西,48549.1,城镇住宅（地下交通服务场站用地）,＜80,＞1.1＜2.5,40921
238,郑政东出〔2018〕28号（网）,中道东路东、时埂街北,5843.61,商务金融用地,＜70,＜6.0,7100
239,郑政出〔2018〕146号（网）,书院街南、紫荆山路西,43968.03,零售商业、旅馆、餐饮兼容文化设施,＜12,＜1.0,43695
240,郑上出〔2018〕11号（网）,通航五路东侧、安阳路北侧,93643.23,商业兼容商务,＜45,＜2.5,21670
241,郑上出〔2018〕12号（网）,登封路西侧、白云路南侧,47846.72,城镇住宅兼容商服,＜45,＞1.0；  ＜2.0,13221
242,郑上出〔2018〕13号（网）,汝南路东侧、白云路南侧,50148.08,城镇住宅兼容商服,＜45,＞1.0；  ＜2.0,13856
243,郑上出〔2018〕14号（网）,310国道以南,17792.45,城镇住宅,＜60,＞1.0；  ＜2.0,1894
244,郑上出〔2018〕15号（网）,310国道以南,21529.83,商业,＜40,＜1.8,2830
245,郑政出〔2018〕144号（网）,洛河路北、文化宫路东,16426.66,城镇住宅,＜120,＞1.1， ＜5.1,28571
246,郑政出〔2018〕145号（网）,中原路南、文化宫路东,18899.23,商务金融兼容零售商业、餐饮、旅馆,＜300,＜10.7,44241
247,郑政出〔2018〕141号（网）,航海中路南、淮南街东,31844.71,城镇住宅兼容零售商业、餐饮、旅馆、商务金融（地下：交通服务场站）,＜150,＞1.1，＜6.7,52313
248,郑政出〔2018〕142号（网）,大学南路东、张魏寨路南,33258.73,城镇住宅（地下：交通服务场站）,＜120,＞1.1，＜5.7,49330
249,郑政出〔2018〕143号（网）,岗南路南、岗东路西,48358.11,城镇住宅,＜100,＞1.0，＜3.5,44746
250,郑政出〔2018〕137号（网）,夏璜街北、夏至路西,49045.59,城镇住宅（地下交通服务场站）,＜100,＞1.1，＜2.5,44572
251,郑政出〔2018〕138号（网）,夏璜街南、夏至路东,39793.43,城镇住宅（地下交通服务场站）,＜60,＞1.1，＜2,33975
252,郑政出〔2018〕139号（网）,思勤江路南、立夏路西,38830.57,城镇住宅（地下交通服务场站）,＜60,＞1.1，＜2,33129
253,郑政出〔2018〕140号（网）,夏璜街北、夏至路东,22718.37,文化设施用地（地下交通服务场站）,＜40,＜1,4619
254,郑政东出〔2018〕26号（网）,如意河东七街南、龙翔三街西,地上163833.94㎡、地下145220.66㎡,城镇住宅用地、教育用地,＜24,＜1.193,343329
255,郑政东出〔2018〕16号（网）,商鼎路南、圃田西路东,73927.17,地上：商服用地（商务金融、零售商业、批发市场、餐饮、旅馆）地下：商服用地（零售商业、批发市场、餐饮、旅馆）、交通服务场站用地,北侧≤150米，南侧≤100米,＜5.8,98900
256,郑政出〔2018〕134号（网）,站马屯路南、紫荆山南路西,89541.61,城镇住宅,＜100,＞1.0，＜3.5,78815
257,郑政出〔2018〕135号（网）,英才街北、田园路西,40419.16,城镇住宅,＜94,＞1.1，＜3.5,39029
258,郑政出〔2018〕125号（网）,石化路南、魏庄西街东,16226.41,城镇住宅,＜100,＞1.1，＜4.2,21807
259,郑政出〔2018〕126号（网）,魏庄街南、魏庄东街西,38813.1,城镇住宅,＜100,＞1.1，＜4.5,52845
260,郑政出〔2018〕127号（网）,马林西路西、杨金路北,45734.92,城镇住宅,＜50,＞1.1，＜2.5,39740
261,郑政出〔2018〕128号（网）,皓月路南、雪松路西,33764.82,城镇住宅,＜60,＞1.1，＜2.0,25241
262,郑政出〔2018〕129号（网）,凤凰路南、规划三路西,4094.89,城镇住宅,＜65,＞1.1，＜2.4,4929
263,郑政出〔2018〕130号（网）,凤凰路南、规划一路西,3078.72,城镇住宅,＜55,＞1.1，＜2.7,3938
264,郑政出〔2018〕131号（网）,宝溪路西南、永康路东南,13415.72,城镇住宅,＜80,＞1.0，＜3.0,11724
265,郑政出〔2018〕132号（网）,盛达路西南、永康路东南,41887.64,城镇住宅,＜100,＞1.0，＜3.5,38495
266,郑政出〔2018〕120号（网）,豫一路南、合展路东,97225.98,城镇住宅,＜100,＞1.0，＜3.5,92122
267,郑政出〔2018〕121号（网）,幸运路南、丰硕南街东,14646.68,零售商业、餐饮、旅馆,＜40,＜2.2,11432
268,郑政出〔2018〕122号（网）,河村中街西、新城北路南,67230.84,城镇住宅,＜50,＞1.1，＜2.5,61019
269,郑政出〔2018〕123号（网）,杨槐东路东、新城北路南,26255.76,商务金融兼容零售商业、餐饮、旅馆,＜50,＜4.2,26907
270,郑政出〔2018〕124号（网）,东风路北、信息学院路西,4631.21,商务金融兼容零售商业、餐饮、旅馆,＜100,＜4.0,6690
271,郑政出〔2018〕119号（网）,幸运路南、天山路西,40941.43,城镇住宅,＜60,＞1.0，＜2.5,32648
272,郑上出〔2018〕07号（网）,金华路东侧、规划漓江路南侧,40954.03,城镇住宅、商服,＜80,＞1.0；  ＜2.5,19658
273,郑上出〔2018〕08号（网）,金华路以东、规划漓江路南侧,41786.63,城镇住宅、商服,＜80,＞1.0；  ＜2.5,20058
274,郑上出〔2018〕09号（网）,金华路东侧、规划丹江路南侧,60081.36,城镇住宅、商服,＜80,＞1.0；  ＜2.5,28840
275,郑政出〔2018〕112号（网）,小李庄路南、明月路西,21934.86,城镇住宅,＜80,＞1.1，＜3.0,17862
276,郑政出〔2018〕113号（网）,金城大道南、经三街西,14892.94,商务金融,＜29-35,＜2.5,11400
277,郑政出〔2018〕114号（网）,豫二路北、白玉路东,33657.03,城镇住宅,＜80,＞1.0，＜3.0,27610
278,郑政出〔2018〕115号（网）,豫二路北、香江路东,29484.62,城镇住宅,＜80,＞1.0，＜3.0,24188
279,郑政出〔2018〕116号（网）,十八里河路南、飞达路西,32497.91,城镇住宅,＜100,＞1.1，＜3.0,28296
280,郑政出〔2018〕117号（网）,大河路南、天河路东,60779.86,城镇住宅,＜100,＞1.1，＜3.3,54982
281,郑政出〔2018〕118号（网）,新兴街南、机关路西,32614.76,城镇住宅,＜80,＞1.1，＜2.7,27250
282,郑政经开出[2018]029号（网）,四海路以南、信通南街（规划路名信通街）以西,83525.75,物流仓储用地,仓储建筑＜40，非生产性建筑＜80,＞1.6,4550
283,郑政出〔2018〕111号（网）,丰产路北、政七街西,52192.13,商务金融兼容零售商业、餐饮、旅馆城镇住宅,＜140,＞1.0，＜6.9,112165
284,郑政出〔2018〕109号（网）,星海路南、站前大道东,33930.88,城镇住宅,＜100,＞1.1，＜3.8,27376
285,郑政出〔2018〕110号（网）,辅道南路南、站前大道西,29730.3,城镇住宅,＜100,＞1.1，＜3.5,23306
286,郑政出〔2018〕107号（网）,杓袁北路北、杓袁东路东,41309.62,城镇住宅,＜48,＞1.1，＜2.5,37336
287,郑政出〔2018〕108号（网）,杓袁北路南、杓袁东路东,10914.37,城镇住宅,＜56,＞1.1，＜3.0,10358
288,郑政东出〔2018〕22号（网）,如意河西二街北、如意西路西,51250.54,城镇住宅,＜18,＞1.0；  ＜1.5,127000
289,郑政东出〔2018〕23号（网）,龙湖内环东路南、春蕾街东,45504.68,城镇住宅,＜24,＞1.0；  ＜1.7,116000
290,郑政出〔2018〕106号（网）,国泰北路北、中州大道西,44215.14,城镇住宅兼容零售商业、餐饮、旅馆,＜100,＞1.1，＜5.0,66300
291,郑政出〔2018〕105号（网）,冉屯北路东、农业路北,4290.6,零售商业、餐饮、旅馆、商务金融、其他商服兼容娱乐用地,＜100,＜5.5,5901
292,郑政出〔2018〕104号（网）,贺江路南、紫荆山南路东,69679.74,城镇住宅、零售商业、餐饮、旅馆,＜100,＞1.0，＜3.5,63132
293,郑上出〔2018〕05号（网）,孟津路东侧、龙江路南侧,65970.65,城镇住宅、商服,＜80,＞1.0；  ＜2.5,29687
294,郑上出〔2018〕06号（网）,汝南路西侧、龙江路南侧,39180.49,城镇住宅,＜80,＞1.0；  ＜2.5,17632
295,郑政出〔2018〕102号（网）,景怡路北、经三街西,21240.28,商务金融,＜40～47,＜2.5,16258
296,郑政出〔2018〕103号（网）,贺江路南、春晓路东,27675.03,城镇住宅,＜100,＞1.0，＜3.5,24393
297,郑政东出〔2018〕17号（网）,莲湖路北、博学路西,60393.26,商服用地,北侧≤150米，南侧≤100米,＜6.3,83000
298,郑政出〔2018〕100号（网）,绿源路南、天佑街东,46421.43,城镇住宅,＜40,＞1.0，＜2.0,30815
299,郑政出〔2018〕101号（网）,石化路南、二里岗街西,14872.8,城镇住宅,＜100,＞1.1，＜5.4,21017
300,郑政出〔2018〕98号（网）,金樽路东、绿达路北,44426.12,城镇住宅,＜40,＞1.1，＜1.8,24164
301,郑政出〔2018〕99号（网）,南北大街东、新城路南,31005.38,零售商业、批发市场、餐饮、旅馆、商务金融,＜80,＜3.5,27096
302,郑政东出〔2018〕18号（网）,龙腾二街东、如意河西二街南,68818.90,城镇住宅,＜20,＞1.0；  ＜1.5,192000
303,郑政东出〔2018〕19号（网）,如意河东二街南、九如路西,51922.88,城镇住宅,＜20,＞1.0；  ＜1.5,145000
304,郑政东出〔2018〕18号（网）,龙腾二街东、如意河西二街南,68818.90,城镇住宅,＜20,＞1.0；  ＜1.5,192000
305,郑政东出〔2018〕19号（网）,如意河东二街南、九如路西,51922.88,城镇住宅,＜20,＞1.0；  ＜1.5,145000
306,郑政出〔2018〕96号（网）,桐柏路西、医院南路北,30641.09,城镇住宅、零售商业、餐饮、旅馆,＜100,＞1.0，＜4.0,32295
307,郑政出〔2018〕97号（网）,幸运路南、胖庄路西,49161.45,城镇住宅,＜100,＞1.1，＜3.0,40023
308,郑政出〔2018〕93号（网）,二里岗南街南、魏庄西街东,20648.69,城镇住宅,＜100,＞1.1，＜5.0,28258
309,郑政出〔2018〕94号（网）,石化路南、城东路东,20106.5,城镇住宅、零售商业、餐饮、旅馆、商务金融,＜100,＞1.1，＜5.0,28128
310,郑政出〔2018〕95号（网）,二里岗南街南、魏庄西街西,11503.84,城镇住宅、零售商业、餐饮、旅馆,＜100,＞1.1，＜4.5,15404
311,郑政出〔2018〕92号（网）,二里岗南街南、未来路西,23563.05,城镇住宅,＜100,＞1.1，＜4,29761
312,郑政出〔2018〕91号（网）,豫五路北、富国路东,48705.73,城镇住宅,＜60,＞1.0，＜2.5,36715
313,郑政经开出[2018]034号（网）,凤栖街以东、傲雪路以南、花溪街以西、美辰路以北,236556.91,仓储用地,仓储建筑＜40，非生产性建筑＜80,＞1.6,11690
314,郑政经开出[2018]035号（网）,凤栖街以东、美辰路以南、花溪街以西、兰心东路以北,241289.41,仓储用地,仓储建筑＜40，非生产性建筑＜80,＞1.6,11920
315,郑政出〔2018〕82号（网）,冉屯北路东、农业路北,12478.77,城镇住宅、零售商业、餐饮、旅馆商务金融、其他商服,＜100,＞1.0，＜5.5,16904
316,郑政出〔2018〕83号（网）,支四路以南、图强路以东,32548.97,城镇住宅,＜100,＞1.1，＜4.1,27918
317,郑政出〔2018〕84号（网）,郑上南辅道南、爱民东路东,36637.99,城镇住宅、商务金融,＜100,＞1.1，＜5.5,35859
318,郑政出〔2018〕85号（网）,健民路北、站前西路东,12784.16,商务金融、零售商业、餐饮、旅馆,＜100,＞1.0，＜4.5,11355
319,郑政出〔2018〕86号（网）,支四路以南、支十一路以西,10211.67,城镇住宅,＜100,＞1.1，＜4.6,9383
320,郑政出〔2018〕87号（网）,西三环北延东、宏达街北,67773.29,城镇住宅,＜100,＞1.0，＜4,57133
321,郑政出〔2018〕88号（网）,凤梨路西、宏达街北,56690.87,城镇住宅,＜100,＞1.0，＜4,47774
322,郑政出〔2018〕89号（网）,滨河路北、江山路东,50091.16,城镇住宅,＜100,＞1.0，＜3.6,41766
323,郑政出〔2018〕90号（网）,豫六路北、魏河东路东,64045.44,城镇住宅,＜100,＞1.0，＜3.5,53059
324,郑政出〔2018〕70号（网）,滨河路北、天山南路东,56972.98,城镇住宅,＜100,"＞1.0,＜3.5",47168
325,郑政出〔2018〕75号（网）,秋罗路东、紫苏街北,27787.11,城镇住宅,＜90,＞1.1，＜3.1,19313
326,郑政出〔2018〕76号（网）,紫苏街南、秋罗路东,41388.57,城镇住宅,＜90,＞1.1，＜2.5,26833
327,郑政出〔2018〕77号（网）,落樱街北、黄椰路东,38382.24,城镇住宅,＜90,＞1.1，＜2.5,24884
328,郑政出〔2018〕78号（网）,落樱街北、长椿路西,11416.27,零售商业、餐饮、旅馆,＜80,＜3.5,8613
329,郑政出〔2018〕79号（网）,颍河西路南、石羊路西,80734.31,城镇住宅、商务金融,＜100,＞1.1，＜5.5,109346
330,郑政出〔2018〕80号（网）,郑湾路南、西三环西,41824.13,城镇住宅、商务金融,＜100,＞1.1，＜5.5,57239
331,郑政出〔2018〕81号（网）,胡杨路东、落樱街北,83616.1,城镇住宅,＜80,＞1.1，＜2.5,54234
332,郑政出〔2018〕71号（网）,南阳路东、博颂路北,11829.03,商务金融、零售金融、餐饮、旅馆、城镇住宅,＜100,＞1，＜5,16560
333,郑政出〔2018〕72号（网）,化工路南、雄鹰东路东,35078.67,城镇住宅,＜100,＞1.1，＜3.5,29909
334,郑政出〔2018〕73号（网）,站北街北、湖西路西,38038.29,城镇住宅,＜100,＞1.1，＜3.5,32459
335,郑政出〔2018〕74号（网）,绿荫路东、新庄路北,28708.29,城镇住宅,＜100,＞1.1，＜3.0,23208
336,郑政出〔2018〕66号（网）,鸿业路北、任庄路西,52314.14,城镇住宅,＜85,＞1.1，＜2.4,38237
337,郑政出〔2018〕67号（网）,鸿业路北、任庄路东,53127.33,城镇住宅,＜88,＞1.1，＜2.5,39251
338,郑政出〔2018〕68号（网）,香苑路南、金河路西,35426.97,城镇住宅,＜100,＞1.1，＜3.0,28579
339,郑政出〔2018〕69号（网）,国基路北、黄家庵北路东,5271.6,商务金融兼容零售商业、餐饮、旅馆,＜100,＜5.5,7617
340,郑政出〔2018〕65号（网）,开元路北、天山路东,25111.39,娱乐、其他商服兼容零售商业、批发市场、餐饮、旅馆,＜100,＜2.3,18538
341,郑政出〔2018〕64号（网）,绿源路南、丰茂街东,76813.62,城镇住宅,＜40,＞1.0，＜2.0,49783
342,郑政出〔2018〕63号（网）,丰产路南、政六街西,6369.26,城镇住宅,＜100,＞1.1，＜5,11963
343,郑政东出〔2018〕5号（网）,龙湖中环北路北、龙津路东,67694.81,商服用地,＜45,＜3.0,84700
344,郑政东出〔2018〕6号（网）,龙湖中环南路北、如意西路西,地上：24171.45地下：24796.63,商服用地,＜18,＜1.7,30700
345,郑政东出〔2018〕7号（网）,如意西路东、如意河西八街南,11775.14,商务金融用地,=45,＜3.5,15800
346,郑政东出〔2018〕8号（网）,动力南路南、圃田西路东,22155.97,商服用地,≤45,＜4.0,26600
347,郑政东出〔2018〕9号（网）,动力南路南、嘉园路东,25254.80,商服用地,≤45,＜4.6,32200
348,郑政东出〔2018〕10号（网）,道东街北、圃田西路东,6372.58,商服用地,≤100,＜6.0,8700
349,郑政东出〔2018〕11号（网）,道东街北、嘉园路西,7239.82,商服用地,≤100,＜6.0,9900
350,郑政东出〔2018〕12号（网）,道东街北、嘉园路东,7239.84,商服用地,≤100,＜6.0,9900
351,郑政东出〔2018〕13号（网）,商鼎路北、嘉园路西,16026.76,商服用地,≤150,＜9.0,26000
352,郑政东出〔2018〕14号（网）,商鼎路北、嘉园路东,18992.83,商服用地,≤150,＜9.0,30900
353,郑政东出〔2018〕15号（网）,商鼎路北、嘉园东三街东,8925.60,商服用地,≤150,＜8.0,14000
354,郑政经开出[2018]011号,兰心东路以南、鹏程大道以西、蓝湖街以东、浔江东路以北,163896.11,工业用地,生产性建筑＜40，非生产性建筑＜80,＞1.0,8530
355,郑政经开出[2017]075号（网）,经南十一路南、经开第十七大街东,43056.16,城镇住宅兼容批发零售、住宿餐饮用地,＜100,＞1.0；  ＜2.5,77600
356,郑政经开出〔2018〕021号,经开第三大街以西、机场高速以东,4218.30,工业用地,＜80,＞1.0,290
357,郑政经开出〔2018〕022号,南三环以南、经开第三大街以东,16980.03,工业用地,＜80,＞1.0,1160
358,郑政经开出〔2018〕014号,经南十六路以南、京珠东环路以东,34091.69,工业用地,生产性建筑高度＜40米、非生产性建筑高度＜100米,＞1.2、＜1.8,2120
359,郑政经开出〔2018〕015号,经南十五路以南、经开第二十二大街以西,33307.27,工业用地,生产性建筑高度＜40米、非生产性建筑高度＜100米,＞1.2、＜1.8,2070
360,郑政经开出〔2018〕016号,经南十六路以北、经开第二十一大街以东,19570.56,工业用地,生产性建筑高度＜40米、非生产性建筑高度＜100米,＞1.2、＜1.8,1220
361,郑政经开出〔2018〕017号,经南十三路以南、经开第二十一大街以东,26670.20,工业用地,生产性建筑高度＜40米、非生产性建筑高度＜100米,＞1.2、＜1.8,1660
362,郑政经开出〔2018〕018号,经南十三路以南、经开第二十二大街以西,19999.98,工业用地,生产性建筑高度＜40米、非生产性建筑高度＜100米,＞1.2、＜1.8,1250
363,郑政经开出〔2018〕019号,经南十七路以南、经开第二十二大街以西,66382.04,工业用地,生产性建筑高度＜40米、非生产性建筑高度＜100米,＞1.2、＜1.8,4120
364,郑政东出[2018]3号（网）,如意东路西、如意河东三街南,11371.15,商务金融,=45,＜3.5,15400
365,郑政东出[2018]4号（网）,七里河南路南、圃田西路东,6998.18,商服,145-150,＜8.0,11000
366,郑政经开出〔2018〕002号（网）,锦瑞路（规划路名锦绣大道）以南、龙善街以东、嬉雨西路（规划路名嬉雨路）以北,14334.58,零售商业用地、批发市场用地、餐饮用地、旅馆用地,＜60,＜3.0,6960
367,郑政出〔2018〕59号（网）,春晓路东、赣江路南,45534.82,城镇住宅,＜100,＞1.0，＜4.9,48195
368,郑政出〔2018〕60号（网）,连云路西、赣江路北,8839.14,商服,＜12,＜1.5,6046
369,郑政出〔2018〕61号（网）,环保北路北、化肥西路西,15608.55,城镇住宅、批发零售、住宿餐饮,＜60,＞1.0，＜1.64,12044
370,郑政出〔2018〕53号（网）,紫荆山南路东、赣江路南,20909.08,城镇住宅,＜100,＞1.0，＜4.9,22131
371,郑政出〔2018〕54号（网）,长江路南、丘寨路东,19199.97,商服、城镇住宅,＜100,＜6.0,22653
372,郑政出〔2018〕55号（网）,丘寨路西、赣江路北,50965.7,城镇住宅,＜80,＞1.0，＜4.2,49876
373,郑政出〔2018〕56号（网）,丰产路南、政六街西,5619.87,城镇住宅,＜100,＞1.1，＜5.6,10982
374,郑政出〔2018〕57号（网）,黎明路北、电厂路东,42402.74,城镇住宅,＜100,＞1.0，＜4.43,46957
375,郑政出〔2018〕58号（网）,五龙口南路南、化肥西路东,34996.29,城镇住宅,＜100,＞1.0，＜4.63,41643
376,郑政出〔2018〕136号（网）,合欢街北、银屏路东,12161.64,零售商业、餐饮、旅馆兼容城镇住宅,＜100,＞1.0，＜3.2,11238